Fecha,Apertura,Cierre,Máxima,Mínima,Promedio
30/04/2019,0.7,0.7,0.7,0.7,0.7
29/04/2019,0.72,0.7,0.72,0.7,0.7
26/04/2019,0.72,0.72,0.72,0.72,0.71
25/04/2019,0.72,0.7,0.72,0.7,0.71
24/04/2019,0.72,0.71,0.72,0.71,0.71
23/04/2019,0.72,0.72,0.72,0.72,0.7
22/04/2019,0.72,0.72,0.72,0.72,0.7
17/04/2019,0.72,0.72,0.72,0.72,0.72
16/04/2019,0.72,0.72,0.72,0.72,0.72
15/04/2019,0.72,0.72,0.72,0.72,0.71
12/04/2019,0.72,0.72,0.72,0.72,0.72
11/04/2019,0.72,0.72,0.72,0.72,0.72
10/04/2019,0.72,0.72,0.72,0.72,0.71
09/04/2019,0.73,0.72,0.73,0.72,0.72
08/04/2019,0.73,0.73,0.73,0.73,0.73
05/04/2019,0.73,0.73,0.73,0.73,0.73
04/04/2019,0.73,0.73,0.73,0.73,0.73
03/04/2019,0.73,0.73,0.73,0.73,0.73
02/04/2019,0.73,0.73,0.73,0.73,0.72
01/04/2019,0.74,0.74,0.74,0.74,0.73
29/03/2019,0.74,0.74,0.74,0.74,0.74
28/03/2019,0.74,0.74,0.74,0.74,0.74
27/03/2019,0.74,0.74,0.74,0.74,0.74
26/03/2019,0.74,0.74,0.74,0.74,0.74
25/03/2019,0.7,0.7,0.7,0.7,0.7
22/03/2019,0.7,0.7,0.7,0.7,0.7
21/03/2019,0.7,0.7,0.7,0.7,0.7
20/03/2019,0.7,0.7,0.7,0.7,0.7
19/03/2019,0.69,0.69,0.69,0.69,0.69
18/03/2019,0.69,0.69,0.69,0.69,0.69
15/03/2019,0.69,0.69,0.69,0.69,0.68
14/03/2019,0.67,0.67,0.67,0.67,0.67
13/03/2019,0.67,0.67,0.67,0.67,0.67
12/03/2019,0.67,0.67,0.67,0.67,0.67
11/03/2019,0.67,0.67,0.67,0.67,0.67
08/03/2019,0.67,0.67,0.67,0.67,0.67
07/03/2019,0.67,0.67,0.67,0.67,0.67
06/03/2019,0.65,0.65,0.65,0.65,0.65
05/03/2019,0.65,0.65,0.65,0.65,0.65
04/03/2019,0.65,0.65,0.65,0.65,0.65
01/03/2019,0.64,0.64,0.64,0.64,0.64
28/02/2019,0.64,0.64,0.64,0.64,0.64
27/02/2019,0.63,0.63,0.63,0.63,0.63
26/02/2019,0.63,0.63,0.63,0.63,0.63
25/02/2019,0.62,0.62,0.62,0.62,0.61
22/02/2019,0.6,0.62,0.62,0.6,0.62
21/02/2019,0.62,0.6,0.62,0.59,0.6
20/02/2019,0.62,0.62,0.62,0.62,0.61
19/02/2019,0.62,0.62,0.62,0.62,0.62
18/02/2019,0.62,0.62,0.62,0.62,0.61
15/02/2019,0.62,0.62,0.62,0.62,0.62
14/02/2019,0.62,0.62,0.62,0.62,0.62
13/02/2019,0.62,0.62,0.62,0.62,0.62
12/02/2019,0.62,0.62,0.62,0.62,0.62
11/02/2019,0.62,0.62,0.62,0.62,0.62
08/02/2019,0.62,0.62,0.62,0.62,0.62
07/02/2019,0.62,0.62,0.62,0.62,0.62
06/02/2019,0.63,0.63,0.63,0.63,0.61
05/02/2019,0.6,0.61,0.61,0.6,0.61
04/02/2019,0.61,0.6,0.61,0.6,0.6
01/02/2019,0.61,0.61,0.61,0.61,0.6
31/01/2019,0.61,0.61,0.61,0.61,0.6
30/01/2019,0.61,0.61,0.61,0.61,0.6
29/01/2019,0.61,0.61,0.61,0.61,0.6
28/01/2019,0.59,0.59,0.59,0.59,0.59
25/01/2019,0.6,0.6,0.6,0.6,0.6
24/01/2019,0.6,0.6,0.6,0.6,0.6
23/01/2019,0.6,0.6,0.6,0.6,0.58
22/01/2019,0.61,0.61,0.61,0.61,0.61
21/01/2019,0.61,0.61,0.61,0.61,0.6
18/01/2019,0.62,0.62,0.62,0.62,0.62
17/01/2019,0.6,0.6,0.6,0.6,0.6
16/01/2019,0.6,0.6,0.6,0.6,0.6
15/01/2019,0.6,0.6,0.6,0.6,0.6
14/01/2019,0.6,0.6,0.6,0.6,0.6
11/01/2019,0.6,0.6,0.6,0.6,0.6
10/01/2019,0.6,0.6,0.6,0.6,0.6
09/01/2019,0.6,0.6,0.6,0.6,0.6
08/01/2019,0.58,0.59,0.59,0.58,0.59
07/01/2019,0.6,0.58,0.6,0.58,0.58
04/01/2019,0.6,0.6,0.6,0.6,0.6
03/01/2019,0.6,0.6,0.6,0.6,0.6
02/01/2019,0.6,0.6,0.6,0.6,0.6
31/12/2018,0.6,0.6,0.6,0.6,0.6
28/12/2018,0.6,0.6,0.6,0.6,0.6
27/12/2018,0.6,0.6,0.6,0.6,0.6
26/12/2018,0.61,0.61,0.61,0.61,0.61
24/12/2018,0.63,0.63,0.63,0.63,0.62
21/12/2018,0.61,0.61,0.61,0.61,0.61
20/12/2018,0.65,0.65,0.65,0.65,0.64
19/12/2018,0.65,0.65,0.65,0.65,0.63
18/12/2018,0.62,0.62,0.62,0.62,0.63
17/12/2018,0.67,0.67,0.67,0.67,0.66
14/12/2018,0.67,0.67,0.67,0.67,0.66
13/12/2018,0.65,0.65,0.65,0.65,0.65
12/12/2018,0.64,0.64,0.64,0.64,0.64
11/12/2018,0.65,0.65,0.65,0.65,0.65
10/12/2018,0.65,0.65,0.65,0.65,0.65
07/12/2018,0.65,0.65,0.65,0.65,0.65
06/12/2018,0.65,0.65,0.65,0.65,0.64
05/12/2018,0.65,0.65,0.65,0.65,0.66
04/12/2018,0.67,0.67,0.67,0.67,0.67
03/12/2018,0.67,0.67,0.67,0.67,0.67
30/11/2018,0.65,0.65,0.65,0.65,0.65
29/11/2018,0.65,0.65,0.65,0.65,0.65
28/11/2018,0.65,0.65,0.65,0.65,0.65
27/11/2018,0.7,0.7,0.7,0.7,0.7
26/11/2018,0.6,0.69,0.69,0.6,0.66
23/11/2018,0.6,0.6,0.6,0.6,0.6
22/11/2018,0.64,0.64,0.64,0.64,0.64
21/11/2018,0.65,0.65,0.65,0.65,0.65
20/11/2018,0.65,0.65,0.65,0.65,0.64
19/11/2018,0.69,0.69,0.69,0.69,0.69
16/11/2018,0.7,0.7,0.7,0.7,0.68
15/11/2018,0.7,0.7,0.7,0.7,0.7
14/11/2018,0.7,0.7,0.7,0.7,0.7
13/11/2018,0.74,0.74,0.74,0.74,0.74
12/11/2018,0.74,0.74,0.74,0.74,0.73
09/11/2018,0.74,0.74,0.74,0.74,0.73
08/11/2018,0.78,0.78,0.78,0.78,0.74
07/11/2018,0.78,0.78,0.78,0.78,0.78
06/11/2018,0.78,0.78,0.78,0.78,0.78
05/11/2018,0.78,0.78,0.78,0.78,0.78
02/11/2018,0.78,0.78,0.78,0.78,0.78
31/10/2018,0.8,0.8,0.8,0.8,0.8
30/10/2018,0.8,0.8,0.8,0.8,0.79
29/10/2018,0.8,0.8,0.8,0.8,0.8
26/10/2018,0.78,0.78,0.78,0.78,0.77
25/10/2018,0.79,0.79,0.79,0.79,0.76
24/10/2018,0.78,0.78,0.78,0.78,0.78
23/10/2018,0.79,0.79,0.79,0.79,0.79
22/10/2018,0.79,0.79,0.79,0.79,0.78
19/10/2018,0.8,0.8,0.8,0.8,0.8
18/10/2018,0.8,0.8,0.8,0.8,0.8
17/10/2018,0.8,0.79,0.8,0.79,0.79
16/10/2018,0.8,0.8,0.8,0.8,0.8
15/10/2018,0.8,0.8,0.8,0.8,0.76
12/10/2018,0.8,0.8,0.8,0.8,0.76
11/10/2018,0.8,0.8,0.8,0.8,0.8
10/10/2018,,,,,0.75
09/10/2018,0.82,0.82,0.82,0.82,0.81
05/10/2018,0.85,0.85,0.85,0.85,0.85
04/10/2018,0.78,0.83,0.83,0.78,0.78
03/10/2018,0.79,0.78,0.79,0.75,0.77
02/10/2018,0.85,0.83,0.85,0.83,0.84
01/10/2018,0.91,0.91,0.91,0.91,0.91
28/09/2018,0.92,0.91,0.92,0.91,0.9
27/09/2018,0.92,0.92,0.92,0.92,0.91
26/09/2018,0.92,0.92,0.92,0.92,0.92
25/09/2018,0.92,0.92,0.92,0.92,0.92
24/09/2018,0.92,0.92,0.92,0.92,0.92
21/09/2018,0.92,0.92,0.92,0.92,0.92
20/09/2018,0.92,0.92,0.92,0.92,0.92
19/09/2018,0.92,0.92,0.92,0.92,0.92
18/09/2018,1,0.92,1,0.92,0.93
17/09/2018,1.01,1.01,1.01,1.01,1.01
14/09/2018,1.01,1.01,1.01,1.01,1.01
13/09/2018,1.01,1.01,1.01,1.01,1.01
12/09/2018,1.01,1.01,1.01,1.01,0.96
11/09/2018,1.01,1.01,1.01,1.01,0.95
10/09/2018,1.04,1.04,1.04,1.04,1.04
07/09/2018,1.04,1.04,1.04,1.04,1.04
06/09/2018,,,,,1.01
05/09/2018,1.04,1.04,1.04,1.04,1
04/09/2018,1.05,1.04,1.05,1.04,1.04
03/09/2018,1.06,1.06,1.06,1.06,1.06
31/08/2018,1.05,1.05,1.05,1.05,1.05
29/08/2018,1.06,1.06,1.06,1.06,1.04
28/08/2018,1.07,1.07,1.07,1.07,1.07
27/08/2018,1.08,1.08,1.08,1.08,1.08
24/08/2018,1.08,1.08,1.08,1.08,1.08
23/08/2018,1.06,1.06,1.06,1.06,1.06
22/08/2018,1.06,1.06,1.06,1.06,1.06
21/08/2018,1.06,1.06,1.06,1.06,1.04
20/08/2018,1.01,1.06,1.06,1.01,1.02
17/08/2018,1.1,1.1,1.1,1.1,1.1
16/08/2018,1,1.06,1.06,1,1.01
15/08/2018,1.1,1.1,1.1,1.1,1.1
14/08/2018,1.13,1.13,1.13,1.13,1.13
13/08/2018,1.13,1.13,1.13,1.13,1.13
10/08/2018,1.13,1.13,1.13,1.13,1.13
09/08/2018,1.13,1.13,1.13,1.13,1.12
08/08/2018,1.1,1.1,1.1,1.1,1.06
07/08/2018,1.13,1.1,1.13,1.1,1.11
06/08/2018,1.15,1.15,1.15,1.15,1.15
03/08/2018,1.15,1.15,1.15,1.15,1.15
02/08/2018,1.14,1.14,1.14,1.14,1.13
01/08/2018,1.11,1.11,1.11,1.11,1.11
31/07/2018,1.11,1.11,1.11,1.11,1.11
30/07/2018,1.11,1.11,1.11,1.11,1.11
27/07/2018,1.11,1.11,1.11,1.11,1.08
26/07/2018,1.1,1.1,1.1,1.1,1.1
25/07/2018,1.12,1.1,1.12,1.1,1.09
24/07/2018,1.12,1.12,1.12,1.12,1.1
23/07/2018,1.12,1.12,1.12,1.12,1.12
20/07/2018,1.12,1.12,1.12,1.12,1.12
19/07/2018,1.15,1.15,1.15,1.15,1.12
18/07/2018,1.15,1.15,1.15,1.15,1.15
17/07/2018,1.2,1.2,1.2,1.2,1.2
16/07/2018,1.2,1.2,1.2,1.2,1.2
13/07/2018,1.2,1.2,1.2,1.2,1.2
12/07/2018,1.2,1.2,1.2,1.2,1.2
11/07/2018,1.2,1.2,1.2,1.2,1.21
10/07/2018,1.22,1.22,1.22,1.22,1.22
09/07/2018,1.25,1.25,1.25,1.25,1.25
06/07/2018,1.25,1.25,1.25,1.25,1.25
05/07/2018,1.25,1.25,1.25,1.25,1.23
04/07/2018,1.28,1.28,1.28,1.28,1.28
03/07/2018,1.29,1.29,1.29,1.29,1.29
02/07/2018,1.29,1.29,1.29,1.29,1.29
28/06/2018,1.29,1.29,1.29,1.29,1.28
27/06/2018,1.27,1.27,1.27,1.27,1.26
26/06/2018,1.27,1.27,1.27,1.27,1.25
25/06/2018,1.27,1.27,1.27,1.27,1.26
22/06/2018,1.29,1.29,1.29,1.29,1.29
21/06/2018,1.29,1.29,1.29,1.29,1.29
20/06/2018,1.29,1.29,1.29,1.29,1.29
19/06/2018,1.29,1.29,1.29,1.29,1.29
18/06/2018,1.3,1.3,1.3,1.3,1.3
15/06/2018,1.25,1.25,1.25,1.25,1.25
14/06/2018,1.22,1.22,1.22,1.22,1.21
13/06/2018,1.3,1.3,1.3,1.3,1.3
12/06/2018,1.3,1.3,1.3,1.3,1.3
11/06/2018,1.34,1.34,1.34,1.34,1.34
08/06/2018,1.34,1.34,1.34,1.34,1.34
07/06/2018,1.34,1.34,1.34,1.34,1.34
06/06/2018,1.35,1.35,1.35,1.35,1.35
05/06/2018,1.33,1.33,1.33,1.33,1.33
04/06/2018,1.33,1.33,1.33,1.33,1.33
01/06/2018,1.33,1.33,1.33,1.33,1.33
31/05/2018,1.33,1.33,1.33,1.33,1.33
30/05/2018,1.3,1.3,1.3,1.3,1.3
29/05/2018,1.36,1.36,1.36,1.36,1.36
28/05/2018,1.39,1.39,1.39,1.39,1.39
25/05/2018,1.39,1.39,1.39,1.39,1.39
24/05/2018,1.39,1.39,1.39,1.39,1.39
23/05/2018,1.4,1.4,1.4,1.4,1.4
22/05/2018,1.4,1.4,1.4,1.4,1.4
21/05/2018,1.4,1.4,1.4,1.4,1.4
18/05/2018,1.4,1.4,1.4,1.4,1.4
17/05/2018,1.4,1.4,1.4,1.4,1.4
16/05/2018,1.4,1.4,1.4,1.4,1.39
15/05/2018,1.4,1.4,1.4,1.4,1.4
14/05/2018,1.4,1.4,1.4,1.4,1.4
11/05/2018,1.4,1.4,1.4,1.4,1.4
10/05/2018,1.44,1.4,1.44,1.4,1.4
09/05/2018,1.44,1.44,1.44,1.44,1.44
08/05/2018,1.46,1.44,1.46,1.44,1.44
07/05/2018,1.48,1.48,1.48,1.48,1.48
04/05/2018,1.48,1.48,1.48,1.48,1.48
03/05/2018,1.48,1.48,1.48,1.48,1.48
02/05/2018,1.48,1.48,1.48,1.48,1.48
30/04/2018,1.48,1.48,1.48,1.48,1.48
27/04/2018,1.48,1.48,1.48,1.48,1.48
26/04/2018,1.48,1.48,1.48,1.48,1.45
25/04/2018,1.44,1.44,1.44,1.44,1.44
24/04/2018,1.44,1.44,1.44,1.44,1.44
23/04/2018,1.44,1.44,1.44,1.44,1.44
20/04/2018,1.4,1.4,1.4,1.4,1.39
19/04/2018,1.44,1.4,1.44,1.4,1.41
18/04/2018,1.44,1.44,1.44,1.44,1.44
17/04/2018,1.43,1.43,1.43,1.43,1.43
16/04/2018,1.43,1.43,1.43,1.43,1.43
12/04/2018,1.4,1.43,1.43,1.4,1.41
11/04/2018,1.45,1.4,1.45,1.4,1.4
10/04/2018,1.45,1.45,1.45,1.45,1.45
09/04/2018,1.45,1.45,1.45,1.45,1.47
06/04/2018,1.46,1.5,1.5,1.46,1.48
05/04/2018,1.46,1.46,1.46,1.46,1.46
04/04/2018,1.47,1.41,1.47,1.41,1.42
03/04/2018,1.47,1.47,1.47,1.47,1.47
02/04/2018,1.48,1.48,1.48,1.48,1.48
28/03/2018,1.48,1.48,1.48,1.48,1.48
27/03/2018,1.48,1.48,1.48,1.48,1.47
26/03/2018,1.48,1.48,1.48,1.48,1.48
23/03/2018,1.45,1.45,1.45,1.45,1.45
22/03/2018,1.4,1.4,1.4,1.4,1.4
21/03/2018,1.4,1.4,1.4,1.4,1.4
20/03/2018,1.4,1.4,1.4,1.4,1.4
19/03/2018,1.4,1.4,1.4,1.4,1.4
16/03/2018,1.48,1.48,1.48,1.48,1.48
15/03/2018,1.48,1.48,1.48,1.48,1.48
14/03/2018,1.5,1.5,1.5,1.5,1.5
13/03/2018,1.5,1.5,1.5,1.5,1.49
12/03/2018,1.5,1.5,1.5,1.5,1.5
09/03/2018,1.5,1.5,1.5,1.5,1.5
08/03/2018,1.5,1.5,1.5,1.5,1.5
07/03/2018,1.5,1.5,1.5,1.5,1.5
06/03/2018,1.5,1.5,1.5,1.5,1.5
05/03/2018,1.52,1.52,1.52,1.52,1.52
02/03/2018,1.51,1.51,1.51,1.51,1.51
01/03/2018,1.52,1.52,1.52,1.52,1.52
28/02/2018,1.52,1.52,1.52,1.52,1.52
27/02/2018,1.52,1.52,1.52,1.52,1.52
26/02/2018,1.71,1.52,1.71,1.5,1.51
23/02/2018,1.71,1.69,1.71,1.69,1.69
22/02/2018,1.71,1.7,1.71,1.7,1.7
21/02/2018,1.71,1.71,1.71,1.71,1.71
20/02/2018,1.71,1.71,1.71,1.71,1.67
19/02/2018,1.71,1.71,1.71,1.71,1.71
16/02/2018,1.71,1.71,1.71,1.71,1.71
15/02/2018,1.81,1.71,1.81,1.7,1.72
14/02/2018,1.83,1.83,1.83,1.83,1.83
13/02/2018,1.83,1.83,1.83,1.83,1.83
12/02/2018,1.85,1.85,1.85,1.85,1.85
09/02/2018,1.85,1.85,1.85,1.85,1.82
08/02/2018,1.85,1.85,1.85,1.85,1.85
07/02/2018,1.88,1.88,1.88,1.88,1.88
06/02/2018,1.88,1.88,1.88,1.88,1.88
05/02/2018,1.88,1.88,1.88,1.88,1.87
02/02/2018,1.89,1.89,1.89,1.89,1.87
01/02/2018,1.88,1.9,1.9,1.88,1.89
31/01/2018,1.91,1.91,1.91,1.91,1.91
30/01/2018,1.93,1.93,1.93,1.93,1.92
29/01/2018,1.93,1.93,1.93,1.93,1.93
26/01/2018,1.93,1.93,1.93,1.93,1.93
25/01/2018,1.9,1.9,1.9,1.9,1.9
24/01/2018,1.9,1.9,1.9,1.9,1.9
23/01/2018,1.9,1.9,1.9,1.9,1.9
22/01/2018,1.9,1.9,1.9,1.9,1.9
19/01/2018,1.9,1.9,1.9,1.9,1.9
18/01/2018,1.9,1.9,1.9,1.9,1.9
17/01/2018,1.92,1.92,1.92,1.92,1.92
16/01/2018,1.94,1.94,1.94,1.94,1.94
12/01/2018,1.94,1.94,1.94,1.94,1.94
11/01/2018,1.94,1.94,1.94,1.94,1.94
10/01/2018,1.94,1.94,1.94,1.94,1.94
09/01/2018,1.94,1.94,1.94,1.94,1.94
08/01/2018,1.94,1.94,1.94,1.94,1.94
05/01/2018,1.93,1.94,1.94,1.93,1.94
04/01/2018,1.93,1.94,1.94,1.93,1.94
03/01/2018,1.95,1.95,1.95,1.95,1.95
02/01/2018,1.94,1.94,1.94,1.94,1.93
01/01/2018,,,,,
29/12/2017,1.94,1.94,1.94,1.94,1.94
28/12/2017,1.93,1.94,1.94,1.93,1.93
27/12/2017,1.93,1.93,1.93,1.93,1.93
26/12/2017,1.93,1.93,1.93,1.93,1.93
22/12/2017,1.93,1.93,1.93,1.93,1.93
21/12/2017,1.92,1.92,1.92,1.92,1.92
20/12/2017,1.93,1.9,1.93,1.9,1.93
19/12/2017,1.93,1.94,1.94,1.93,1.93
18/12/2017,1.93,1.93,1.93,1.93,1.93
15/12/2017,1.9,1.9,1.9,1.9,1.9
14/12/2017,1.95,1.96,1.96,1.95,1.95
13/12/2017,1.95,1.96,1.96,1.95,1.95
12/12/2017,1.96,1.96,1.96,1.96,1.96
11/12/2017,1.95,1.96,1.96,1.95,1.95
07/12/2017,1.95,1.96,1.96,1.93,1.94
06/12/2017,1.96,1.96,1.96,1.96,1.96
05/12/2017,1.95,1.96,1.96,1.95,1.95
04/12/2017,1.95,1.96,1.96,1.87,1.95
01/12/2017,1.95,1.96,1.96,1.95,1.96
30/11/2017,1.96,1.96,1.96,1.96,1.96
29/11/2017,1.98,1.98,1.98,1.98,1.98
28/11/2017,1.97,1.97,1.97,1.97,1.97
27/11/2017,1.97,1.97,1.97,1.97,1.97
24/11/2017,1.96,1.97,1.97,1.96,1.97
23/11/2017,1.96,1.97,1.97,1.96,1.97
22/11/2017,1.96,1.96,1.96,1.96,1.96
21/11/2017,1.96,1.96,1.96,1.96,1.96
20/11/2017,1.96,1.96,1.96,1.96,1.96
17/11/2017,1.96,1.96,1.96,1.96,1.96
16/11/2017,1.95,1.96,1.96,1.95,1.95
15/11/2017,1.95,1.96,1.96,1.93,1.95
14/11/2017,1.95,1.96,1.96,1.94,1.95
13/11/2017,1.95,1.95,1.95,1.95,1.95
10/11/2017,1.94,1.96,1.96,1.94,1.95
09/11/2017,1.96,1.96,1.96,1.96,1.96
08/11/2017,1.95,1.96,1.96,1.95,1.95
07/11/2017,1.95,1.96,1.96,1.95,1.95
06/11/2017,1.95,1.96,1.96,1.95,1.95
03/11/2017,1.95,1.96,1.96,1.95,1.95
02/11/2017,1.96,1.96,1.96,1.96,1.96
31/10/2017,1.96,1.96,1.96,1.96,1.96
30/10/2017,1.97,1.97,1.97,1.97,1.97
27/10/2017,1.96,1.97,1.97,1.96,1.96
26/10/2017,1.97,1.97,1.97,1.95,1.96
25/10/2017,1.95,1.95,1.95,1.95,1.95
24/10/2017,1.95,1.97,1.97,1.95,1.96
23/10/2017,1.96,1.97,1.97,1.95,1.96
20/10/2017,1.95,1.96,1.96,1.95,1.96
19/10/2017,1.96,1.96,1.97,1.94,1.95
18/10/2017,,,,,
17/10/2017,1.96,1.97,1.97,1.96,1.96
16/10/2017,1.96,1.97,1.97,1.96,1.97
13/10/2017,1.93,1.97,1.97,1.93,1.94
12/10/2017,1.97,1.97,1.97,1.95,1.97
11/10/2017,1.96,1.97,1.97,1.96,1.97
10/10/2017,1.97,1.97,1.97,1.97,1.97
09/10/2017,1.95,1.97,1.97,1.94,1.95
06/10/2017,1.94,1.94,1.94,1.94,1.94
05/10/2017,1.97,1.97,1.97,1.97,1.97
04/10/2017,1.97,1.97,1.97,1.97,1.97
03/10/2017,1.95,1.95,1.95,1.95,1.95
02/10/2017,1.93,1.93,1.93,1.92,1.92
29/09/2017,1.9,1.9,1.9,1.9,1.9
28/09/2017,1.9,1.9,1.9,1.84,1.86
27/09/2017,1.9,1.9,1.9,1.9,1.9
26/09/2017,1.9,1.9,1.9,1.89,1.89
25/09/2017,1.8,1.85,1.85,1.8,1.82
22/09/2017,1.75,1.8,1.8,1.75,1.76
21/09/2017,1.74,1.74,1.74,1.74,1.74
20/09/2017,1.73,1.74,1.75,1.73,1.74
19/09/2017,1.73,1.73,1.74,1.7,1.7
18/09/2017,1.73,1.73,1.73,1.73,1.73
15/09/2017,1.75,1.75,1.75,1.75,1.75
14/09/2017,1.75,1.75,1.75,1.73,1.74
13/09/2017,1.75,1.7,1.75,1.7,1.7
12/09/2017,1.75,1.75,1.75,1.75,1.75
11/09/2017,1.74,1.74,1.74,1.74,1.74
08/09/2017,1.74,1.74,1.74,1.74,1.74
07/09/2017,1.75,1.7,1.75,1.7,1.71
06/09/2017,1.72,1.72,1.72,1.72,1.72
05/09/2017,1.72,1.72,1.72,1.72,1.72
04/09/2017,1.72,1.72,1.72,1.72,1.72
01/09/2017,1.7,1.7,1.7,1.7,1.7
31/08/2017,1.75,1.75,1.75,1.75,1.75
29/08/2017,1.72,1.72,1.72,1.72,1.71
28/08/2017,1.7,1.7,1.7,1.7,1.67
25/08/2017,1.7,1.7,1.7,1.7,1.69
24/08/2017,1.6,1.7,1.72,1.6,1.67
23/08/2017,1.6,1.6,1.6,1.6,1.6
22/08/2017,1.6,1.6,1.6,1.6,1.6
21/08/2017,1.6,1.6,1.6,1.6,1.57
18/08/2017,1.6,1.6,1.6,1.6,1.59
17/08/2017,1.6,1.6,1.6,1.6,1.58
16/08/2017,1.6,1.6,1.6,1.6,1.6
15/08/2017,1.59,1.6,1.6,1.59,1.6
14/08/2017,1.6,1.6,1.6,1.6,1.6
11/08/2017,1.6,1.6,1.6,1.6,1.6
10/08/2017,1.58,1.6,1.6,1.58,1.59
09/08/2017,1.6,1.6,1.6,1.6,1.6
08/08/2017,1.6,1.6,1.6,1.6,1.6
07/08/2017,1.6,1.6,1.61,1.6,1.6
04/08/2017,1.61,1.61,1.61,1.61,1.61
03/08/2017,1.61,1.61,1.62,1.61,1.61
02/08/2017,1.62,1.62,1.62,1.62,1.62
01/08/2017,1.62,1.62,1.62,1.62,1.62
31/07/2017,1.62,1.62,1.62,1.62,1.62
27/07/2017,1.6,1.6,1.6,1.6,1.6
26/07/2017,1.63,1.58,1.63,1.5,1.5
25/07/2017,1.55,1.63,1.63,1.55,1.6
24/07/2017,1.63,1.6,1.63,1.6,1.61
21/07/2017,1.65,1.6,1.65,1.6,1.62
20/07/2017,1.65,1.65,1.65,1.65,1.63
19/07/2017,1.59,1.62,1.62,1.59,1.61
18/07/2017,1.63,1.59,1.63,1.59,1.61
17/07/2017,1.63,1.63,1.63,1.63,1.63
14/07/2017,1.63,1.63,1.63,1.63,1.63
13/07/2017,1.63,1.63,1.63,1.63,1.63
12/07/2017,1.63,1.63,1.63,1.63,1.62
11/07/2017,1.62,1.63,1.63,1.62,1.62
10/07/2017,1.63,1.63,1.63,1.63,1.63
07/07/2017,1.62,1.63,1.63,1.62,1.62
06/07/2017,1.65,1.65,1.65,1.65,1.65
05/07/2017,1.65,1.65,1.65,1.65,1.65
04/07/2017,1.62,1.62,1.62,1.62,1.62
03/07/2017,1.65,1.62,1.65,1.62,1.63
30/06/2017,1.65,1.65,1.65,1.65,1.65
28/06/2017,1.63,1.65,1.65,1.63,1.64
27/06/2017,1.65,1.65,1.65,1.65,1.65
26/06/2017,1.7,1.7,1.7,1.7,1.7
23/06/2017,1.74,1.74,1.74,1.74,1.74
22/06/2017,1.74,1.74,1.74,1.74,1.74
21/06/2017,1.78,1.77,1.78,1.77,1.77
20/06/2017,1.83,1.83,1.83,1.83,1.83
19/06/2017,1.8,1.8,1.8,1.8,1.8
16/06/2017,1.85,1.85,1.85,1.83,1.84
15/06/2017,1.88,1.88,1.88,1.88,1.84
14/06/2017,1.8,1.8,1.8,1.8,1.8
13/06/2017,1.89,1.9,1.9,1.89,1.9
12/06/2017,1.91,1.91,1.91,1.91,1.91
09/06/2017,1.91,1.91,1.91,1.91,1.91
08/06/2017,1.91,1.91,1.91,1.91,1.91
07/06/2017,1.91,1.91,1.91,1.91,1.89
06/06/2017,1.91,1.91,1.91,1.91,1.91
05/06/2017,1.87,1.91,1.91,1.87,1.89
02/06/2017,1.91,1.91,1.91,1.91,1.91
01/06/2017,1.9,1.91,1.91,1.9,1.91
31/05/2017,1.92,1.92,1.92,1.92,1.92
30/05/2017,1.92,1.92,1.92,1.92,1.92
29/05/2017,1.91,1.91,1.91,1.91,1.91
26/05/2017,1.9,1.92,1.92,1.89,1.9
25/05/2017,,,,,
24/05/2017,1.91,1.91,1.91,1.91,1.91
23/05/2017,1.92,1.92,1.92,1.92,1.92
22/05/2017,1.92,1.92,1.92,1.92,1.92
19/05/2017,1.91,1.92,1.92,1.91,1.92
18/05/2017,1.91,1.92,1.92,1.91,1.92
17/05/2017,1.9,1.92,1.92,1.9,1.91
16/05/2017,1.9,1.92,1.92,1.9,1.91
15/05/2017,1.92,1.92,1.92,1.92,1.92
12/05/2017,1.92,1.92,1.92,1.92,1.89
11/05/2017,1.91,1.92,1.92,1.91,1.91
10/05/2017,1.92,1.92,1.92,1.85,1.9
09/05/2017,1.92,1.92,1.92,1.92,1.92
08/05/2017,1.92,1.92,1.92,1.92,1.92
05/05/2017,1.92,1.92,1.92,1.92,1.92
04/05/2017,1.91,1.91,1.91,1.91,1.91
03/05/2017,1.87,1.92,1.92,1.87,1.91
02/05/2017,1.92,1.92,1.92,1.92,1.92
28/04/2017,1.92,1.92,1.92,1.92,1.92
27/04/2017,1.91,1.91,1.91,1.91,1.91
26/04/2017,1.92,1.92,1.92,1.92,1.92
25/04/2017,1.93,1.93,1.93,1.93,1.92
24/04/2017,1.9,1.9,1.9,1.9,1.9
21/04/2017,1.92,1.93,1.93,1.92,1.93
20/04/2017,1.9,1.93,1.93,1.9,1.92
19/04/2017,1.93,1.93,1.93,1.93,1.93
18/04/2017,1.93,1.93,1.93,1.93,1.93
17/04/2017,1.93,1.93,1.93,1.93,1.93
12/04/2017,1.93,1.93,1.93,1.93,1.92
11/04/2017,1.9,1.9,1.9,1.9,1.9
10/04/2017,1.9,1.9,1.9,1.9,1.9
07/04/2017,1.9,1.9,1.9,1.9,1.9
06/04/2017,1.9,1.9,1.9,1.9,1.9
05/04/2017,1.9,1.9,1.9,1.85,1.88
04/04/2017,1.84,1.84,1.84,1.84,1.84
03/04/2017,1.84,1.83,1.84,1.83,1.83
31/03/2017,1.83,1.84,1.84,1.83,1.83
30/03/2017,1.84,1.84,1.84,1.84,1.84
29/03/2017,1.84,1.83,1.84,1.75,1.77
28/03/2017,1.84,1.84,1.84,1.84,1.84
27/03/2017,1.83,1.83,1.83,1.82,1.82
24/03/2017,1.84,1.84,1.84,1.84,1.84
23/03/2017,1.84,1.84,1.84,1.84,1.84
22/03/2017,1.84,1.84,1.84,1.84,1.84
21/03/2017,1.84,1.84,1.84,1.84,1.84
20/03/2017,1.84,1.84,1.84,1.84,1.84
17/03/2017,1.84,1.84,1.84,1.84,1.84
16/03/2017,1.84,1.84,1.84,1.76,1.8
15/03/2017,1.84,1.84,1.84,1.83,1.84
14/03/2017,1.84,1.84,1.84,1.84,1.82
13/03/2017,1.84,1.84,1.84,1.84,1.82
10/03/2017,1.81,1.84,1.84,1.81,1.82
09/03/2017,1.84,1.77,1.84,1.75,1.77
08/03/2017,1.79,1.84,1.84,1.79,1.81
07/03/2017,1.84,1.84,1.84,1.84,1.84
06/03/2017,1.84,1.84,1.84,1.84,1.84
03/03/2017,1.84,1.84,1.84,1.84,1.84
02/03/2017,1.85,1.85,1.85,1.85,1.85
01/03/2017,1.85,1.85,1.85,1.85,1.85
28/02/2017,1.84,1.85,1.85,1.8,1.83
27/02/2017,1.84,1.85,1.85,1.84,1.85
24/02/2017,1.85,1.85,1.85,1.84,1.85
23/02/2017,1.84,1.85,1.85,1.83,1.85
22/02/2017,1.85,1.85,1.85,1.85,1.85
21/02/2017,1.84,1.83,1.85,1.82,1.83
20/02/2017,1.88,1.82,1.88,1.81,1.85
17/02/2017,1.92,1.81,1.92,1.81,1.87
16/02/2017,2,1.92,2,1.92,1.95
15/02/2017,2.03,2.08,2.08,2.03,2.05
14/02/2017,2.15,2.15,2.15,2.15,2.15
13/02/2017,2.05,2.1,2.1,2.02,2.06
10/02/2017,2,2.07,2.07,2,2.03
09/02/2017,2.05,2.07,2.07,2.03,2.04
08/02/2017,2.05,2.05,2.05,2.05,2.05
07/02/2017,2.05,2.08,2.08,2.05,2.06
06/02/2017,1.95,2,2,1.95,1.97
03/02/2017,1.83,1.9,1.9,1.83,1.86
02/02/2017,1.85,1.85,1.85,1.85,1.83
01/02/2017,1.85,1.85,1.85,1.85,1.84
31/01/2017,1.89,1.85,1.89,1.85,1.86
30/01/2017,1.84,1.84,1.84,1.84,1.84
27/01/2017,1.9,1.9,1.9,1.9,1.89
26/01/2017,1.85,1.8,1.86,1.8,1.84
25/01/2017,1.86,1.86,1.86,1.86,1.84
24/01/2017,1.86,1.86,1.86,1.86,1.86
23/01/2017,1.86,1.86,1.86,1.86,1.86
20/01/2017,1.86,1.86,1.86,1.86,1.86
19/01/2017,1.89,1.86,1.89,1.86,1.86
18/01/2017,1.89,1.89,1.89,1.89,1.89
17/01/2017,1.89,1.89,1.89,1.89,1.89
16/01/2017,1.88,1.88,1.88,1.88,1.88
13/01/2017,1.88,1.88,1.88,1.88,1.88
12/01/2017,1.88,1.88,1.88,1.88,1.88
11/01/2017,1.88,1.88,1.88,1.88,1.88
10/01/2017,1.92,1.88,1.92,1.88,1.89
09/01/2017,1.88,1.88,1.88,1.88,1.88
06/01/2017,1.92,1.9,1.92,1.9,1.9
05/01/2017,1.92,1.92,1.92,1.92,1.87
04/01/2017,1.86,1.86,1.86,1.86,1.86
03/01/2017,1.9,1.9,1.9,1.9,1.9
02/01/2017,1.92,1.92,1.92,1.92,1.91
30/12/2016,1.92,1.92,1.92,1.92,1.92
29/12/2016,1.9,1.85,1.9,1.85,1.86
28/12/2016,1.9,1.9,1.9,1.9,1.9
27/12/2016,1.95,1.9,1.95,1.84,1.88
26/12/2016,1.91,1.94,1.94,1.91,1.92
23/12/2016,1.88,1.84,1.93,1.84,1.85
22/12/2016,1.91,1.84,1.91,1.77,1.81
21/12/2016,2.03,1.88,2.03,1.88,1.92
20/12/2016,2.04,2.04,2.04,2.04,2.04
19/12/2016,2.04,2.04,2.04,2.04,2.03
16/12/2016,2.04,2.04,2.04,2.04,2.04
15/12/2016,2.04,2,2.04,2,2.03
14/12/2016,2.05,2.05,2.05,2.05,2.04
13/12/2016,2.1,2.1,2.1,2.1,2.1
12/12/2016,2,2.07,2.07,2,2.02
09/12/2016,2.1,2.1,2.1,2.1,2.1
07/12/2016,2.1,2.1,2.1,2.1,2.09
06/12/2016,2.09,2.09,2.09,2.09,2.09
05/12/2016,2.09,2.1,2.1,2.09,2.09
02/12/2016,2.1,2.1,2.1,2.1,2.1
01/12/2016,2.09,2.09,2.09,2.09,2.09
30/11/2016,2.05,2.09,2.09,2.05,2.08
29/11/2016,2.09,2.1,2.1,2.09,2.1
28/11/2016,2.1,2.1,2.1,2.1,2.09
25/11/2016,2.13,2.13,2.13,2.13,2.13
24/11/2016,2.12,2.03,2.12,2.03,2.06
23/11/2016,2.05,2.15,2.15,2.05,2.09
22/11/2016,2.2,2.2,2.2,2.2,2.15
21/11/2016,2.15,2.15,2.15,2.15,2.17
16/11/2016,2.2,2.2,2.2,2.2,2.2
15/11/2016,2.2,2.2,2.2,2.2,2.12
14/11/2016,2.2,2.2,2.2,2.2,2.19
11/11/2016,2.2,2.2,2.2,2.2,2.19
10/11/2016,2.15,2.15,2.15,2.15,2.15
09/11/2016,2.15,2.15,2.15,2.15,2.15
08/11/2016,2.1,2.15,2.15,2.1,2.13
07/11/2016,2.18,2.05,2.18,2.05,2.13
04/11/2016,2.15,2.14,2.15,2,2.07
03/11/2016,2.15,2.15,2.15,2.15,2.13
02/11/2016,2.2,2.05,2.2,2.05,2.08
31/10/2016,2.2,2.2,2.2,2.2,2.16
28/10/2016,2.15,2.2,2.2,2.15,2.17
27/10/2016,2.19,2.19,2.19,2.19,2.18
26/10/2016,2.2,2.1,2.2,2.1,2.16
25/10/2016,2.2,2.2,2.2,2.2,2.19
24/10/2016,2.19,2.19,2.19,2.19,2.17
21/10/2016,2.2,2.2,2.2,2.2,2.16
20/10/2016,2.2,2.2,2.2,2.2,2.2
19/10/2016,2.2,2.2,2.2,2.2,2.2
18/10/2016,2.2,2.2,2.2,2.2,2.19
17/10/2016,2.2,2.2,2.2,2.2,2.19
14/10/2016,2.1,2.2,2.2,2.1,2.15
13/10/2016,2.26,2.05,2.27,2.05,2.18
12/10/2016,2.27,2.27,2.27,2.27,2.27
11/10/2016,2.27,2.27,2.27,2.24,2.26
10/10/2016,2.27,2.27,2.27,2.27,2.27
07/10/2016,2.25,2.27,2.27,2.25,2.25
06/10/2016,2.27,2.27,2.27,2.27,2.27
05/10/2016,2.27,2.27,2.27,2.27,2.27
04/10/2016,2.27,2.27,2.27,2.27,2.27
03/10/2016,2.27,2.27,2.27,2.25,2.26
30/09/2016,2.23,2.23,2.23,2.23,2.23
29/09/2016,2.25,2.27,2.27,2.25,2.26
28/09/2016,2.27,2.27,2.27,2.27,2.27
27/09/2016,2.27,2.27,2.27,2.27,2.27
26/09/2016,2.28,2.3,2.3,2.28,2.29
23/09/2016,2.3,2.3,2.3,2.3,2.3
22/09/2016,2.3,2.3,2.3,2.3,2.3
21/09/2016,2.26,2.26,2.26,2.26,2.26
20/09/2016,2.26,2.26,2.26,2.26,2.26
19/09/2016,2.3,2.3,2.3,2.28,2.29
16/09/2016,2.25,2.25,2.25,2.25,2.25
15/09/2016,2.25,2.34,2.34,2.25,2.3
14/09/2016,2.33,2.33,2.33,2.33,2.33
13/09/2016,2.33,2.33,2.33,2.33,2.29
12/09/2016,2.35,2.35,2.35,2.35,2.35
09/09/2016,2.35,2.35,2.35,2.35,2.35
08/09/2016,2.35,2.35,2.35,2.35,2.35
07/09/2016,2.35,2.35,2.35,2.35,2.35
06/09/2016,2.35,2.35,2.35,2.35,2.35
05/09/2016,2.35,2.35,2.35,2.35,2.35
02/09/2016,2.35,2.35,2.35,2.35,2.35
01/09/2016,2.34,2.4,2.4,2.3,2.34
31/08/2016,2.34,2.28,2.34,2.28,2.32
29/08/2016,2.3,2.34,2.34,2.28,2.33
26/08/2016,2.3,2.34,2.34,2.3,2.33
25/08/2016,2.3,2.35,2.35,2.3,2.33
24/08/2016,2.35,2.35,2.35,2.35,2.32
23/08/2016,2.35,2.35,2.35,2.35,2.34
22/08/2016,2.35,2.35,2.35,2.3,2.34
19/08/2016,2.35,2.35,2.35,2.35,2.35
18/08/2016,2.15,2.35,2.35,2.1,2.21
17/08/2016,2.1,2.15,2.15,2.1,2.14
16/08/2016,2.1,2.1,2.1,2.1,2.12
15/08/2016,2.1,2.1,2.1,2.1,2.09
12/08/2016,2.1,2.1,2.1,2.1,2.09
11/08/2016,2.05,2.1,2.1,2.05,2.08
10/08/2016,2,2.05,2.05,2,2.01
09/08/2016,1.98,2,2,1.98,1.99
08/08/2016,1.95,1.98,1.98,1.95,1.97
05/08/2016,1.9,1.95,1.95,1.9,1.93
04/08/2016,1.9,1.9,1.9,1.9,1.9
03/08/2016,1.85,1.9,1.9,1.85,1.89
02/08/2016,1.82,1.85,1.85,1.82,1.84
01/08/2016,1.95,1.95,1.95,1.95,1.95
27/07/2016,1.95,1.95,1.95,1.95,1.95
26/07/2016,1.95,1.95,1.95,1.95,1.95
25/07/2016,1.95,1.95,1.95,1.9,1.93
22/07/2016,1.98,1.98,1.98,1.98,1.98
21/07/2016,1.97,1.98,1.98,1.97,1.97
20/07/2016,1.97,1.97,1.97,1.97,1.96
19/07/2016,1.83,2,2,1.83,1.96
18/07/2016,1.9,1.94,1.94,1.9,1.92
15/07/2016,1.9,2,2,1.9,1.94
14/07/2016,1.9,1.9,1.9,1.9,1.9
13/07/2016,1.9,1.9,1.9,1.9,1.9
12/07/2016,1.92,1.92,1.92,1.92,1.92
11/07/2016,1.92,1.92,1.92,1.92,1.92
08/07/2016,1.92,1.92,1.92,1.92,1.95
07/07/2016,1.9,1.97,1.97,1.9,1.92
06/07/2016,1.9,1.98,1.98,1.9,1.95
05/07/2016,1.98,1.98,1.98,1.9,1.96
04/07/2016,2,2,2,2,2
01/07/2016,2,2,2,2,2
30/06/2016,1.9,1.99,1.99,1.9,1.93
28/06/2016,2,2,2,2,2
27/06/2016,1.97,1.97,1.97,1.97,1.95
24/06/2016,1.95,2.05,2.05,1.95,2
23/06/2016,1.95,2.01,2.01,1.95,1.99
22/06/2016,2.03,2.03,2.03,2.03,2.03
21/06/2016,1.98,2,2,1.98,1.99
20/06/2016,2.04,2.04,2.04,2.04,2.04
17/06/2016,2,2.05,2.05,2,1.99
16/06/2016,1.94,1.94,1.94,1.94,1.94
15/06/2016,1.94,1.94,1.94,1.94,1.94
14/06/2016,1.94,1.94,1.94,1.94,1.94
13/06/2016,2.01,1.94,2.01,1.94,1.95
10/06/2016,2.01,2.01,2.01,2.01,1.99
09/06/2016,2,2.01,2.01,2,1.99
08/06/2016,2.05,2.05,2.05,2.05,2.01
07/06/2016,2.04,2.04,2.04,2.04,2.02
06/06/2016,2.05,2.05,2.05,2.05,2
03/06/2016,2.05,2.05,2.05,2.05,2.03
02/06/2016,2.03,2.03,2.03,2.03,2.03
01/06/2016,2.03,2.03,2.03,2.03,2.01
31/05/2016,2,2,2,2,2
30/05/2016,2.07,2.07,2.07,2.07,2.04
27/05/2016,2.05,2.05,2.05,2.05,2.05
26/05/2016,2,2,2,2,2
25/05/2016,1.95,2,2,1.95,1.96
24/05/2016,1.92,1.92,1.92,1.92,1.92
23/05/2016,1.9,1.9,1.9,1.9,1.91
20/05/2016,1.91,1.91,1.91,1.91,1.91
19/05/2016,1.95,1.91,1.95,1.91,1.93
18/05/2016,1.93,1.93,1.93,1.93,1.9
17/05/2016,1.98,1.98,1.98,1.98,1.97
16/05/2016,1.9,1.98,1.98,1.9,1.91
13/05/2016,2,2,2,2,2
12/05/2016,1.95,1.95,1.95,1.95,1.95
11/05/2016,1.95,1.95,1.95,1.95,1.95
10/05/2016,1.95,1.95,1.95,1.95,1.95
09/05/2016,1.9,1.93,1.93,1.9,1.92
06/05/2016,1.9,1.9,1.9,1.9,1.9
05/05/2016,1.92,1.92,1.92,1.9,1.91
04/05/2016,1.92,1.92,1.92,1.92,1.92
03/05/2016,2,2,2,2,2
02/05/2016,2.05,2.05,2.05,2.05,2.05
29/04/2016,2,2,2,2,2
28/04/2016,1.99,1.99,1.99,1.99,1.97
27/04/2016,2,2,2,2,2
26/04/2016,2,2,2,2,2
25/04/2016,2,2,2,2,2
22/04/2016,2,2,2,2,2
21/04/2016,1.89,2,2,1.89,1.97
20/04/2016,1.89,1.89,1.89,1.89,1.88
19/04/2016,1.88,1.83,1.88,1.83,1.86
18/04/2016,1.87,1.87,1.87,1.87,1.87
15/04/2016,1.88,1.88,1.88,1.88,1.88
14/04/2016,1.88,1.88,1.88,1.88,1.88
13/04/2016,1.9,1.9,1.9,1.9,1.9
12/04/2016,1.9,1.87,1.9,1.87,1.89
11/04/2016,1.93,2,2,1.93,1.98
08/04/2016,1.89,1.89,1.89,1.89,1.89
07/04/2016,1.89,1.89,1.89,1.89,1.89
06/04/2016,1.89,1.89,1.89,1.89,1.85
05/04/2016,1.84,1.89,1.89,1.84,1.83
04/04/2016,1.89,1.89,1.89,1.89,1.89
01/04/2016,1.93,1.93,1.93,1.93,1.92
31/03/2016,1.9,1.9,1.9,1.8,1.86
30/03/2016,1.9,1.9,1.9,1.9,1.9
29/03/2016,1.9,1.9,1.9,1.9,1.89
28/03/2016,1.91,1.85,1.91,1.85,1.88
23/03/2016,1.91,1.91,1.91,1.91,1.9
22/03/2016,1.9,1.9,1.9,1.9,1.9
21/03/2016,1.9,1.9,1.9,1.9,1.9
18/03/2016,1.8,1.9,1.9,1.8,1.83
17/03/2016,1.8,1.8,1.8,1.8,1.8
16/03/2016,1.8,1.8,1.8,1.8,1.8
15/03/2016,1.8,1.8,1.8,1.8,1.8
14/03/2016,1.8,1.8,1.8,1.8,1.8
11/03/2016,1.8,1.8,1.8,1.8,1.8
10/03/2016,1.83,1.83,1.83,1.83,1.83
09/03/2016,1.8,1.85,1.85,1.8,1.83
08/03/2016,1.8,1.8,1.8,1.8,1.8
07/03/2016,1.83,1.83,1.83,1.83,1.81
04/03/2016,1.8,1.8,1.8,1.8,1.79
03/03/2016,1.8,1.8,1.8,1.8,1.8
02/03/2016,1.8,1.8,1.8,1.8,1.8
01/03/2016,1.8,1.8,1.8,1.8,1.8
29/02/2016,1.87,1.87,1.87,1.87,1.87
26/02/2016,1.95,1.95,1.95,1.95,1.95
25/02/2016,1.95,2.01,2.01,1.95,1.97
24/02/2016,1.85,1.85,1.85,1.85,1.85
23/02/2016,1.85,1.85,1.85,1.85,1.84
22/02/2016,1.81,1.81,1.81,1.81,1.81
19/02/2016,1.77,1.8,1.8,1.77,1.78
18/02/2016,1.6,1.71,1.71,1.6,1.65
17/02/2016,1.55,1.6,1.6,1.55,1.55
16/02/2016,1.55,1.55,1.55,1.55,1.55
15/02/2016,1.55,1.55,1.55,1.55,1.55
12/02/2016,1.55,1.55,1.55,1.55,1.54
11/02/2016,1.55,1.55,1.55,1.55,1.55
10/02/2016,1.55,1.55,1.55,1.55,1.5
09/02/2016,1.53,1.54,1.54,1.53,1.53
08/02/2016,1.55,1.55,1.55,1.55,1.55
05/02/2016,1.55,1.55,1.55,1.55,1.55
04/02/2016,1.55,1.55,1.55,1.55,1.55
03/02/2016,1.5,1.5,1.5,1.5,1.5
02/02/2016,1.5,1.5,1.5,1.5,1.48
01/02/2016,1.43,1.43,1.43,1.43,1.43
29/01/2016,1.39,1.4,1.4,1.39,1.4
28/01/2016,1.4,1.4,1.4,1.4,1.4
27/01/2016,1.4,1.4,1.4,1.4,1.4
26/01/2016,1.4,1.4,1.4,1.4,1.4
25/01/2016,1.35,1.4,1.4,1.35,1.36
22/01/2016,1.35,1.35,1.35,1.35,1.31
21/01/2016,1.34,1.35,1.35,1.34,1.35
20/01/2016,1.35,1.35,1.35,1.35,1.32
19/01/2016,1.36,1.36,1.36,1.36,1.33
18/01/2016,1.36,1.36,1.36,1.36,1.33
15/01/2016,1.37,1.37,1.37,1.37,1.35
14/01/2016,1.35,1.37,1.37,1.35,1.34
13/01/2016,1.37,1.37,1.37,1.37,1.34
12/01/2016,1.38,1.38,1.38,1.38,1.32
11/01/2016,1.37,1.37,1.37,1.37,1.34
08/01/2016,1.38,1.38,1.38,1.38,1.33
07/01/2016,1.38,1.38,1.38,1.38,1.33
06/01/2016,1.4,1.4,1.4,1.4,1.36
05/01/2016,1.4,1.4,1.4,1.4,1.37
04/01/2016,1.4,1.4,1.4,1.4,1.33
31/12/2015,1.4,1.4,1.4,1.4,1.4
30/12/2015,1.35,1.42,1.42,1.35,1.38
29/12/2015,1.43,1.43,1.43,1.43,1.38
28/12/2015,1.45,1.43,1.45,1.43,1.44
24/12/2015,1.45,1.45,1.45,1.45,1.45
23/12/2015,1.4,1.4,1.4,1.4,1.37
22/12/2015,1.4,1.4,1.4,1.4,1.39
21/12/2015,1.43,1.43,1.43,1.43,1.41
18/12/2015,1.4,1.4,1.4,1.4,1.4
17/12/2015,1.4,1.4,1.4,1.4,1.39
16/12/2015,1.4,1.4,1.4,1.4,1.4
15/12/2015,1.4,1.4,1.4,1.4,1.4
14/12/2015,1.4,1.4,1.4,1.4,1.4
11/12/2015,1.43,1.43,1.43,1.43,1.43
10/12/2015,1.43,1.43,1.43,1.43,1.4
09/12/2015,1.4,1.4,1.4,1.4,1.39
07/12/2015,1.37,1.37,1.37,1.37,1.37
04/12/2015,1.37,1.37,1.37,1.37,1.35
03/12/2015,1.37,1.37,1.37,1.37,1.37
02/12/2015,1.37,1.37,1.37,1.37,1.37
01/12/2015,1.37,1.37,1.37,1.37,1.32
30/11/2015,1.37,1.37,1.37,1.37,1.37
27/11/2015,1.37,1.37,1.37,1.37,1.33
26/11/2015,1.29,1.37,1.37,1.29,1.3
25/11/2015,1.46,1.46,1.46,1.46,1.41
24/11/2015,1.47,1.47,1.47,1.47,1.47
23/11/2015,1.48,1.48,1.48,1.48,1.48
20/11/2015,1.48,1.48,1.48,1.48,1.47
19/11/2015,1.45,1.45,1.45,1.45,1.42
18/11/2015,1.48,1.45,1.48,1.39,1.44
17/11/2015,1.45,1.45,1.45,1.45,1.42
16/11/2015,1.45,1.45,1.45,1.45,1.43
13/11/2015,1.45,1.45,1.45,1.45,1.44
12/11/2015,1.45,1.45,1.45,1.45,1.45
11/11/2015,1.45,1.45,1.45,1.45,1.45
10/11/2015,1.45,1.45,1.45,1.45,1.45
09/11/2015,1.45,1.45,1.45,1.45,1.41
06/11/2015,1.48,1.45,1.48,1.45,1.45
05/11/2015,1.51,1.45,1.51,1.45,1.47
04/11/2015,1.5,1.5,1.5,1.5,1.5
03/11/2015,1.5,1.5,1.5,1.5,1.5
02/11/2015,1.51,1.51,1.51,1.51,1.46
30/10/2015,1.5,1.5,1.5,1.5,1.48
29/10/2015,1.51,1.5,1.51,1.5,1.5
28/10/2015,1.5,1.5,1.5,1.5,1.5
27/10/2015,1.51,1.51,1.51,1.51,1.51
26/10/2015,1.51,1.51,1.51,1.51,1.51
23/10/2015,1.48,1.48,1.48,1.48,1.48
22/10/2015,1.47,1.47,1.47,1.47,1.47
21/10/2015,1.43,1.47,1.47,1.42,1.43
20/10/2015,1.44,1.44,1.44,1.44,1.44
19/10/2015,1.45,1.45,1.45,1.45,1.45
16/10/2015,1.47,1.47,1.47,1.47,1.46
15/10/2015,1.48,1.48,1.48,1.48,1.48
14/10/2015,1.45,1.48,1.48,1.45,1.46
13/10/2015,1.45,1.45,1.45,1.45,1.45
12/10/2015,1.47,1.45,1.47,1.45,1.45
07/10/2015,1.48,1.48,1.48,1.48,1.48
06/10/2015,1.5,1.42,1.5,1.42,1.44
05/10/2015,1.5,1.5,1.5,1.5,1.47
02/10/2015,1.48,1.48,1.48,1.48,1.48
01/10/2015,1.49,1.49,1.49,1.49,1.49
30/09/2015,1.49,1.49,1.49,1.49,1.49
29/09/2015,1.49,1.49,1.49,1.49,1.49
28/09/2015,1.49,1.49,1.49,1.49,1.49
25/09/2015,1.47,1.47,1.47,1.47,1.47
24/09/2015,1.47,1.47,1.47,1.47,1.43
23/09/2015,1.46,1.46,1.46,1.46,1.46
22/09/2015,1.46,1.46,1.46,1.46,1.46
21/09/2015,1.46,1.46,1.46,1.46,1.44
18/09/2015,1.47,1.47,1.47,1.47,1.47
17/09/2015,1.51,1.46,1.51,1.46,1.46
16/09/2015,1.49,1.49,1.49,1.49,1.47
15/09/2015,1.42,1.49,1.49,1.42,1.44
14/09/2015,1.49,1.49,1.49,1.49,1.47
11/09/2015,1.49,1.49,1.49,1.49,1.49
10/09/2015,1.5,1.49,1.5,1.41,1.46
09/09/2015,1.51,1.51,1.51,1.51,1.51
08/09/2015,1.5,1.5,1.5,1.5,1.48
07/09/2015,1.42,1.47,1.47,1.42,1.45
04/09/2015,1.52,1.42,1.52,1.42,1.45
03/09/2015,1.5,1.51,1.51,1.5,1.5
02/09/2015,1.45,1.51,1.51,1.45,1.47
01/09/2015,1.49,1.49,1.49,1.49,1.46
31/08/2015,1.49,1.49,1.49,1.49,1.49
28/08/2015,1.48,1.48,1.48,1.48,1.48
27/08/2015,1.48,1.47,1.48,1.43,1.44
26/08/2015,1.49,1.45,1.49,1.45,1.46
25/08/2015,1.49,1.49,1.49,1.49,1.48
24/08/2015,1.46,1.46,1.46,1.46,1.46
21/08/2015,1.48,1.48,1.48,1.48,1.48
20/08/2015,1.48,1.48,1.48,1.48,1.44
19/08/2015,1.44,1.44,1.44,1.44,1.44
18/08/2015,1.67,1.45,1.67,1.45,1.51
17/08/2015,1.68,1.68,1.68,1.68,1.68
14/08/2015,1.69,1.69,1.69,1.69,1.69
13/08/2015,1.69,1.69,1.69,1.69,1.69
12/08/2015,1.69,1.69,1.69,1.69,1.69
11/08/2015,1.7,1.7,1.7,1.7,1.68
10/08/2015,1.63,1.7,1.7,1.63,1.67
07/08/2015,1.76,1.65,1.76,1.65,1.69
06/08/2015,1.77,1.77,1.77,1.77,1.77
05/08/2015,1.78,1.78,1.78,1.78,1.78
04/08/2015,1.78,1.78,1.78,1.78,1.78
03/08/2015,1.8,1.8,1.8,1.8,1.79
31/07/2015,1.83,1.83,1.83,1.83,1.83
30/07/2015,1.83,1.83,1.83,1.83,1.83
24/07/2015,1.83,1.83,1.83,1.83,1.83
23/07/2015,1.83,1.83,1.83,1.83,1.83
22/07/2015,1.85,1.85,1.85,1.83,1.85
21/07/2015,1.85,1.85,1.85,1.85,1.84
20/07/2015,1.85,1.85,1.85,1.85,1.83
17/07/2015,1.83,1.83,1.83,1.83,1.83
16/07/2015,1.85,1.85,1.85,1.85,1.84
15/07/2015,1.85,1.85,1.85,1.85,1.82
14/07/2015,1.85,1.85,1.85,1.85,1.84
13/07/2015,1.85,1.85,1.85,1.85,1.85
10/07/2015,1.85,1.89,1.89,1.85,1.86
09/07/2015,1.9,1.9,1.9,1.9,1.9
08/07/2015,1.87,1.87,1.87,1.87,1.87
07/07/2015,1.86,1.88,1.88,1.86,1.85
06/07/2015,1.88,1.88,1.88,1.88,1.85
03/07/2015,1.9,1.9,1.9,1.9,1.85
02/07/2015,1.87,1.87,1.87,1.87,1.85
01/07/2015,1.86,1.86,1.86,1.86,1.84
30/06/2015,1.8,1.86,1.86,1.8,1.81
26/06/2015,1.89,1.9,1.9,1.89,1.89
25/06/2015,1.89,1.87,1.89,1.83,1.86
24/06/2015,1.88,1.88,1.88,1.88,1.88
23/06/2015,1.89,1.84,1.89,1.8,1.82
22/06/2015,1.87,1.84,1.89,1.84,1.86
19/06/2015,1.9,1.84,1.9,1.8,1.84
18/06/2015,1.93,1.93,1.93,1.93,1.93
17/06/2015,1.93,1.93,1.93,1.93,1.92
16/06/2015,1.93,1.9,1.93,1.8,1.85
15/06/2015,1.87,1.87,1.87,1.87,1.86
12/06/2015,1.89,1.93,1.93,1.88,1.89
11/06/2015,1.93,1.9,1.93,1.9,1.91
10/06/2015,1.91,1.94,1.94,1.9,1.92
09/06/2015,2,2,2,2,1.97
08/06/2015,1.92,1.92,1.92,1.92,1.92
05/06/2015,2,1.91,2,1.91,1.95
04/06/2015,1.99,1.99,1.99,1.99,1.99
03/06/2015,1.99,1.99,1.99,1.99,1.99
02/06/2015,2,2,2,2,1.97
01/06/2015,2,2,2,2,2
29/05/2015,1.98,1.98,1.98,1.98,1.98
28/05/2015,1.98,1.98,1.98,1.98,1.98
27/05/2015,1.97,2,2,1.95,1.97
26/05/2015,2,2,2,2,2
25/05/2015,2,2,2,2,2
22/05/2015,2,2,2,2,2
21/05/2015,2,2,2,2,1.99
20/05/2015,2,2,2,2,2
19/05/2015,2,2,2,2,2
18/05/2015,2.05,2.05,2.05,2.05,2.05
15/05/2015,2.05,2.05,2.05,2.05,2.04
14/05/2015,2.05,2.05,2.05,2.05,2.05
13/05/2015,2.02,2.02,2.02,2.02,2.02
12/05/2015,2.06,2.06,2.06,2.06,2.05
11/05/2015,2.05,2.05,2.05,2.05,2.05
08/05/2015,2,1.98,2,1.98,1.99
07/05/2015,2.02,2.02,2.02,2.02,2.02
06/05/2015,2.02,2,2.02,2,2.01
05/05/2015,2,2,2,2,2
04/05/2015,2.01,1.98,2.01,1.98,1.99
30/04/2015,2.02,2,2.05,2,2.03
29/04/2015,2.02,2.02,2.02,2.02,2.02
28/04/2015,2.02,2.02,2.02,2.02,2.02
27/04/2015,2.02,2.02,2.02,2.02,2.02
24/04/2015,2,2,2,2,2
23/04/2015,1.95,1.99,2.02,1.89,1.96
22/04/2015,1.89,1.89,1.89,1.89,1.89
21/04/2015,1.93,1.93,1.93,1.93,1.93
20/04/2015,1.95,1.95,1.95,1.95,1.95
17/04/2015,1.95,1.95,1.95,1.92,1.94
16/04/2015,2,1.95,2,1.95,1.97
15/04/2015,2,2,2,2,2
14/04/2015,2,2,2,2,2
13/04/2015,2,2,2,2,1.99
10/04/2015,2.1,2,2.1,2,2.03
09/04/2015,2.1,2.1,2.1,2.1,2.08
08/04/2015,2.15,2.15,2.15,2.15,2.15
07/04/2015,2.15,2.15,2.15,2.15,2.15
06/04/2015,2.15,2.15,2.15,2.15,2.15
01/04/2015,2.15,2.15,2.15,2.15,2.15
31/03/2015,2.08,2.08,2.08,2.08,2.08
30/03/2015,2.05,2.08,2.08,2.05,2.07
27/03/2015,2,2,2,2,2
26/03/2015,2.09,2,2.09,2,2.02
25/03/2015,2,2.1,2.1,2,2.02
24/03/2015,2.26,2.1,2.26,2.1,2.15
23/03/2015,2.29,2.29,2.29,2.29,2.29
20/03/2015,2.3,2.3,2.3,2.3,2.3
19/03/2015,2.3,2.3,2.3,2.3,2.3
18/03/2015,2.3,2.3,2.3,2.3,2.3
17/03/2015,2.3,2.3,2.3,2.3,2.3
16/03/2015,2.3,2.3,2.3,2.3,2.29
13/03/2015,2.2,2.2,2.2,2.19,2.2
12/03/2015,2.35,2.3,2.35,2.29,2.3
11/03/2015,2.33,2.3,2.33,2.3,2.32
10/03/2015,2.4,2.4,2.4,2.4,2.38
09/03/2015,2.4,2.4,2.4,2.4,2.38
06/03/2015,2.4,2.4,2.4,2.4,2.39
05/03/2015,2.4,2.4,2.4,2.4,2.4
04/03/2015,2.4,2.4,2.4,2.4,2.39
03/03/2015,2.35,2.4,2.4,2.35,2.37
02/03/2015,2.43,2.43,2.43,2.43,2.43
27/02/2015,2.47,2.47,2.47,2.47,2.47
26/02/2015,2.48,2.48,2.48,2.48,2.48
25/02/2015,2.5,2.5,2.5,2.5,2.48
24/02/2015,2.45,2.45,2.45,2.45,2.45
23/02/2015,2.5,2.5,2.5,2.5,2.5
20/02/2015,2.5,2.5,2.5,2.5,2.5
19/02/2015,2.4,2.49,2.49,2.4,2.43
18/02/2015,2.4,2.4,2.4,2.4,2.39
17/02/2015,2.35,2.35,2.35,2.35,2.35
16/02/2015,2.35,2.35,2.35,2.35,2.35
13/02/2015,2.3,2.35,2.35,2.3,2.32
12/02/2015,2.3,2.3,2.3,2.3,2.3
11/02/2015,2.3,2.3,2.3,2.3,2.3
10/02/2015,2.3,2.3,2.3,2.3,2.3
09/02/2015,2.3,2.3,2.3,2.3,2.3
06/02/2015,2.3,2.3,2.3,2.3,2.3
05/02/2015,2.35,2.3,2.35,2.3,2.33
04/02/2015,2.4,2.4,2.4,2.35,2.38
03/02/2015,2.43,2.4,2.43,2.4,2.42
02/02/2015,2.43,2.43,2.43,2.4,2.42
30/01/2015,2.5,2.5,2.5,2.5,2.5
29/01/2015,2.48,2.47,2.48,2.47,2.46
28/01/2015,2.5,2.5,2.5,2.5,2.49
27/01/2015,2.5,2.5,2.5,2.5,2.49
26/01/2015,2.5,2.5,2.5,2.5,2.5
23/01/2015,2.45,2.5,2.5,2.45,2.46
22/01/2015,2.5,2.5,2.5,2.5,2.5
21/01/2015,2.5,2.5,2.5,2.5,2.5
20/01/2015,2.5,2.5,2.5,2.5,2.5
19/01/2015,2.5,2.5,2.5,2.5,2.5
16/01/2015,2.5,2.5,2.5,2.5,2.5
15/01/2015,2.5,2.5,2.5,2.5,2.5
14/01/2015,2.46,2.45,2.46,2.45,2.45
13/01/2015,2.5,2.5,2.5,2.5,2.5
12/01/2015,2.53,2.53,2.53,2.53,2.53
09/01/2015,2.53,2.53,2.53,2.53,2.53
08/01/2015,2.55,2.51,2.55,2.51,2.52
07/01/2015,2.56,2.55,2.56,2.53,2.54
06/01/2015,2.57,2.56,2.57,2.56,2.57
05/01/2015,2.65,2.57,2.65,2.5,2.52
31/12/2014,2.67,2.67,2.67,2.67,2.67
30/12/2014,2.65,2.65,2.65,2.65,2.65
29/12/2014,2.5,2.65,2.65,2.5,2.59
26/12/2014,2.55,2.55,2.55,2.55,2.55
24/12/2014,2.5,2.5,2.5,2.5,2.5
23/12/2014,2.52,2.5,2.52,2.5,2.51
22/12/2014,2.52,2.52,2.52,2.52,2.52
19/12/2014,2.52,2.52,2.52,2.52,2.52
18/12/2014,2.61,2.55,2.61,2.55,2.57
17/12/2014,2.62,2.61,2.62,2.61,2.61
16/12/2014,2.62,2.62,2.62,2.62,2.62
15/12/2014,2.64,2.64,2.64,2.64,2.64
12/12/2014,2.64,2.64,2.64,2.64,2.64
11/12/2014,2.65,2.65,2.65,2.65,2.65
10/12/2014,2.65,2.65,2.65,2.65,2.65
09/12/2014,2.65,2.65,2.65,2.65,2.65
05/12/2014,2.64,2.64,2.64,2.64,2.64
04/12/2014,2.65,2.64,2.65,2.64,2.65
03/12/2014,2.66,2.65,2.66,2.65,2.65
02/12/2014,2.64,2.64,2.64,2.64,2.64
01/12/2014,2.64,2.64,2.64,2.64,2.64
28/11/2014,2.65,2.64,2.65,2.64,2.64
27/11/2014,2.63,2.63,2.63,2.63,2.63
26/11/2014,2.7,2.7,2.7,2.7,2.7
25/11/2014,2.71,2.71,2.71,2.71,2.71
24/11/2014,2.78,2.72,2.78,2.72,2.72
21/11/2014,2.8,2.8,2.8,2.8,2.8
20/11/2014,2.8,2.8,2.8,2.8,2.8
19/11/2014,2.85,2.8,2.85,2.8,2.8
18/11/2014,2.85,2.85,2.85,2.85,2.84
17/11/2014,2.85,2.85,2.85,2.85,2.82
14/11/2014,2.85,2.85,2.85,2.85,2.85
13/11/2014,2.85,2.85,2.85,2.85,2.85
12/11/2014,2.8,2.83,2.83,2.8,2.81
11/11/2014,2.8,2.83,2.83,2.8,2.8
10/11/2014,2.8,2.8,2.8,2.8,2.8
07/11/2014,2.76,2.8,2.8,2.76,2.8
06/11/2014,2.76,2.76,2.76,2.76,2.76
05/11/2014,2.75,2.75,2.75,2.75,2.75
04/11/2014,2.68,2.7,2.7,2.68,2.69
03/11/2014,2.65,2.65,2.66,2.65,2.66
31/10/2014,2.6,2.6,2.6,2.6,2.58
30/10/2014,2.5,2.51,2.51,2.5,2.51
29/10/2014,2.5,2.5,2.5,2.5,2.5
28/10/2014,2.5,2.5,2.5,2.5,2.5
27/10/2014,2.5,2.5,2.5,2.5,2.5
24/10/2014,2.5,2.5,2.5,2.5,2.5
23/10/2014,2.52,2.52,2.52,2.52,2.52
22/10/2014,2.52,2.52,2.52,2.52,2.52
21/10/2014,2.47,2.52,2.52,2.47,2.51
20/10/2014,2.48,2.47,2.48,2.47,2.47
17/10/2014,2.55,2.52,2.55,2.52,2.53
16/10/2014,2.6,2.55,2.6,2.52,2.55
15/10/2014,2.6,2.6,2.6,2.6,2.6
14/10/2014,2.6,2.6,2.6,2.6,2.6
13/10/2014,2.6,2.6,2.6,2.6,2.6
10/10/2014,2.62,2.6,2.62,2.6,2.6
09/10/2014,2.62,2.62,2.62,2.62,2.62
07/10/2014,2.63,2.62,2.63,2.62,2.62
06/10/2014,2.62,2.62,2.62,2.62,2.62
03/10/2014,2.61,2.62,2.62,2.61,2.61
02/10/2014,2.6,2.6,2.6,2.59,2.6
01/10/2014,2.58,2.59,2.59,2.58,2.59
30/09/2014,2.58,2.58,2.58,2.55,2.57
29/09/2014,2.58,2.58,2.58,2.58,2.58
26/09/2014,2.57,2.57,2.57,2.57,2.57
25/09/2014,2.57,2.57,2.57,2.57,2.57
24/09/2014,2.53,2.58,2.6,2.53,2.58
23/09/2014,2.6,2.52,2.6,2.52,2.57
22/09/2014,2.67,2.67,2.67,2.67,2.67
19/09/2014,2.69,2.69,2.69,2.69,2.69
18/09/2014,2.69,2.69,2.69,2.69,2.69
17/09/2014,2.69,2.69,2.69,2.69,2.69
16/09/2014,2.7,2.7,2.7,2.7,2.7
15/09/2014,2.7,2.72,2.72,2.7,2.71
12/09/2014,2.66,2.68,2.68,2.66,2.66
11/09/2014,2.68,2.68,2.68,2.68,2.67
10/09/2014,2.68,2.68,2.68,2.6,2.63
09/09/2014,2.68,2.68,2.68,2.6,2.64
08/09/2014,2.68,2.68,2.68,2.68,2.68
05/09/2014,2.73,2.73,2.73,2.73,2.69
04/09/2014,2.74,2.73,2.74,2.73,2.73
03/09/2014,2.8,2.79,2.8,2.79,2.79
02/09/2014,2.85,2.8,2.85,2.8,2.82
01/09/2014,2.85,2.85,2.85,2.85,2.85
29/08/2014,2.85,2.85,2.85,2.85,2.85
28/08/2014,2.85,2.85,2.85,2.85,2.85
27/08/2014,2.9,2.85,2.9,2.8,2.84
26/08/2014,2.9,2.9,2.9,2.9,2.9
25/08/2014,2.9,2.9,2.9,2.9,2.9
22/08/2014,2.85,2.85,2.85,2.85,2.85
21/08/2014,2.8,2.85,2.85,2.8,2.81
20/08/2014,2.8,2.8,2.8,2.8,2.8
19/08/2014,2.8,2.8,2.8,2.8,2.8
18/08/2014,2.8,2.8,2.8,2.8,2.79
15/08/2014,2.8,2.8,2.8,2.8,2.8
14/08/2014,2.8,2.8,2.8,2.8,2.8
13/08/2014,2.85,2.8,2.85,2.8,2.84
12/08/2014,2.85,2.85,2.85,2.85,2.84
11/08/2014,2.78,2.78,2.78,2.74,2.76
08/08/2014,2.78,2.78,2.78,2.78,2.78
07/08/2014,2.8,2.78,2.8,2.78,2.79
06/08/2014,2.8,2.8,2.8,2.8,2.78
05/08/2014,2.85,2.8,2.85,2.8,2.8
04/08/2014,2.85,2.85,2.85,2.85,2.85
01/08/2014,2.74,2.85,2.85,2.74,2.78
31/07/2014,2.78,2.74,2.78,2.74,2.74
30/07/2014,2.79,2.79,2.79,2.79,2.79
25/07/2014,2.86,2.8,2.86,2.8,2.83
24/07/2014,2.8,2.8,2.8,2.75,2.78
23/07/2014,2.8,2.75,2.8,2.75,2.78
22/07/2014,2.7,2.8,2.8,2.7,2.76
21/07/2014,2.7,2.7,2.7,2.7,2.7
18/07/2014,2.7,2.7,2.7,2.65,2.67
17/07/2014,2.79,2.7,2.79,2.7,2.74
16/07/2014,2.8,2.8,2.8,2.8,2.8
15/07/2014,2.83,2.83,2.83,2.83,2.83
14/07/2014,2.86,2.86,2.86,2.86,2.86
11/07/2014,2.55,2.86,2.86,2.55,2.68
10/07/2014,2.6,2.6,2.6,2.6,2.6
09/07/2014,2.55,2.55,2.55,2.55,2.55
08/07/2014,2.6,2.6,2.6,2.6,2.59
07/07/2014,2.52,2.55,2.55,2.52,2.54
04/07/2014,2.48,2.6,2.6,2.48,2.53
03/07/2014,2.5,2.5,2.5,2.5,2.48
02/07/2014,2.55,2.54,2.55,2.5,2.52
01/07/2014,2.55,2.55,2.55,2.55,2.55
30/06/2014,2.59,2.59,2.59,2.59,2.59
27/06/2014,2.61,2.61,2.61,2.61,2.61
26/06/2014,2.63,2.63,2.63,2.63,2.63
25/06/2014,2.64,2.64,2.64,2.64,2.64
24/06/2014,2.65,2.65,2.65,2.65,2.65
23/06/2014,2.65,2.65,2.65,2.65,2.65
20/06/2014,2.65,2.65,2.65,2.65,2.65
19/06/2014,2.59,2.65,2.65,2.59,2.61
18/06/2014,2.7,2.59,2.7,2.59,2.6
17/06/2014,2.7,2.7,2.7,2.7,2.69
16/06/2014,2.7,2.7,2.7,2.7,2.7
13/06/2014,2.61,2.65,2.65,2.61,2.64
12/06/2014,2.63,2.61,2.63,2.6,2.61
11/06/2014,2.6,2.65,2.65,2.6,2.64
10/06/2014,2.65,2.65,2.65,2.65,2.65
09/06/2014,2.64,2.65,2.65,2.64,2.65
06/06/2014,2.66,2.66,2.66,2.66,2.66
05/06/2014,2.75,2.7,2.75,2.67,2.69
04/06/2014,2.67,2.67,2.67,2.67,2.65
03/06/2014,2.6,2.67,2.67,2.6,2.64
02/06/2014,2.64,2.64,2.64,2.64,2.64
30/05/2014,2.67,2.67,2.67,2.67,2.67
29/05/2014,2.75,2.75,2.75,2.75,2.75
28/05/2014,2.79,2.79,2.79,2.79,2.76
27/05/2014,2.78,2.85,2.85,2.78,2.81
26/05/2014,2.75,2.78,2.78,2.75,2.76
23/05/2014,2.6,2.67,2.7,2.6,2.68
22/05/2014,2.53,2.55,2.55,2.53,2.53
21/05/2014,2.6,2.49,2.6,2.49,2.51
20/05/2014,2.5,2.6,2.63,2.5,2.56
19/05/2014,2.6,2.5,2.6,2.5,2.51
16/05/2014,2.6,2.6,2.6,2.6,2.6
15/05/2014,2.6,2.6,2.6,2.6,2.61
14/05/2014,2.6,2.6,2.6,2.6,2.6
13/05/2014,2.67,2.6,2.67,2.6,2.64
12/05/2014,2.66,2.67,2.67,2.66,2.66
09/05/2014,2.67,2.67,2.67,2.67,2.67
08/05/2014,2.67,2.67,2.67,2.67,2.67
07/05/2014,2.64,2.64,2.64,2.64,2.64
06/05/2014,2.64,2.64,2.64,2.64,2.64
05/05/2014,2.64,2.64,2.64,2.64,2.64
02/05/2014,2.64,2.64,2.64,2.6,2.62
30/04/2014,2.63,2.64,2.64,2.63,2.64
29/04/2014,2.67,2.67,2.67,2.67,2.67
28/04/2014,2.65,2.67,2.67,2.65,2.65
25/04/2014,2.65,2.65,2.65,2.65,2.65
24/04/2014,2.6,2.65,2.65,2.6,2.62
23/04/2014,2.6,2.6,2.6,2.6,2.59
22/04/2014,2.51,2.57,2.57,2.51,2.54
21/04/2014,2.56,2.58,2.58,2.56,2.57
16/04/2014,2.56,2.56,2.56,2.56,2.56
15/04/2014,2.56,2.56,2.56,2.56,2.56
14/04/2014,2.56,2.56,2.56,2.56,2.56
11/04/2014,2.55,2.56,2.56,2.48,2.54
10/04/2014,2.54,2.56,2.56,2.54,2.54
09/04/2014,2.54,2.54,2.54,2.54,2.54
08/04/2014,2.55,2.55,2.55,2.55,2.55
07/04/2014,2.53,2.55,2.55,2.45,2.52
04/04/2014,2.57,2.52,2.57,2.42,2.47
03/04/2014,2.55,2.53,2.55,2.53,2.54
02/04/2014,2.53,2.53,2.53,2.53,2.53
01/04/2014,2.53,2.53,2.53,2.41,2.44
31/03/2014,2.53,2.53,2.53,2.53,2.53
28/03/2014,2.51,2.53,2.53,2.49,2.51
27/03/2014,2.52,2.53,2.53,2.52,2.53
26/03/2014,2.57,2.57,2.57,2.57,2.57
25/03/2014,2.57,2.57,2.57,2.57,2.57
24/03/2014,2.62,2.59,2.62,2.59,2.6
21/03/2014,2.63,2.63,2.63,2.63,2.63
20/03/2014,2.63,2.63,2.63,2.63,2.63
19/03/2014,2.65,2.65,2.65,2.65,2.65
18/03/2014,2.62,2.65,2.65,2.62,2.63
17/03/2014,2.63,2.63,2.63,2.63,2.62
14/03/2014,2.63,2.63,2.63,2.63,2.63
13/03/2014,2.65,2.65,2.65,2.64,2.65
12/03/2014,2.65,2.67,2.67,2.65,2.66
11/03/2014,2.67,2.67,2.67,2.67,2.65
10/03/2014,2.67,2.67,2.67,2.67,2.67
07/03/2014,2.67,2.67,2.67,2.67,2.66
06/03/2014,2.67,2.67,2.67,2.67,2.67
05/03/2014,2.65,2.67,2.67,2.65,2.65
04/03/2014,2.65,2.68,2.68,2.65,2.67
03/03/2014,2.67,2.67,2.67,2.67,2.67
28/02/2014,2.64,2.67,2.67,2.64,2.65
27/02/2014,2.68,2.68,2.68,2.68,2.66
26/02/2014,2.68,2.68,2.68,2.68,2.68
25/02/2014,2.7,2.68,2.7,2.55,2.6
24/02/2014,2.7,2.7,2.7,2.7,2.7
21/02/2014,2.7,2.7,2.7,2.7,2.7
20/02/2014,2.7,2.7,2.7,2.7,2.7
19/02/2014,2.7,2.7,2.7,2.7,2.7
18/02/2014,2.7,2.7,2.7,2.7,2.7
17/02/2014,2.7,2.7,2.7,2.7,2.69
14/02/2014,2.7,2.7,2.7,2.7,2.7
13/02/2014,2.7,2.7,2.7,2.7,2.69
12/02/2014,2.7,2.7,2.7,2.7,2.7
11/02/2014,2.78,2.73,2.78,2.73,2.76
10/02/2014,2.79,2.79,2.79,2.79,2.79
07/02/2014,2.78,2.78,2.78,2.78,2.78
06/02/2014,2.79,2.79,2.79,2.79,2.78
05/02/2014,2.75,2.75,2.75,2.75,2.75
04/02/2014,2.7,2.75,2.75,2.7,2.74
03/02/2014,2.76,2.76,2.76,2.76,2.75
31/01/2014,2.76,2.76,2.76,2.76,2.74
30/01/2014,2.76,2.76,2.76,2.76,2.76
29/01/2014,2.85,2.8,2.85,2.8,2.82
28/01/2014,2.81,2.85,2.85,2.81,2.84
27/01/2014,2.81,2.81,2.81,2.81,2.81
24/01/2014,2.8,2.8,2.8,2.8,2.8
23/01/2014,2.8,2.8,2.8,2.8,2.79
22/01/2014,2.8,2.8,2.8,2.8,2.8
21/01/2014,2.79,2.8,2.8,2.79,2.78
20/01/2014,2.8,2.8,2.8,2.8,2.8
17/01/2014,2.8,2.8,2.8,2.8,2.8
16/01/2014,2.89,2.85,2.89,2.85,2.87
15/01/2014,2.92,2.89,2.92,2.89,2.91
14/01/2014,2.92,2.92,2.92,2.92,2.92
13/01/2014,2.92,2.92,2.92,2.92,2.92
10/01/2014,2.92,2.92,2.92,2.92,2.92
09/01/2014,2.82,2.92,2.93,2.82,2.9
08/01/2014,2.97,2.97,2.97,2.97,2.97
07/01/2014,2.97,2.97,2.97,2.97,2.97
06/01/2014,2.97,2.97,2.97,2.97,2.97
03/01/2014,2.95,2.99,2.99,2.95,2.97
02/01/2014,2.9,2.9,2.9,2.9,2.9
31/12/2013,2.89,2.9,2.9,2.89,2.9
30/12/2013,2.9,2.9,2.9,2.9,2.9
27/12/2013,2.9,2.9,2.9,2.9,2.9
26/12/2013,2.9,2.9,2.9,2.9,2.9
24/12/2013,2.85,2.9,2.9,2.85,2.87
23/12/2013,2.8,2.8,2.8,2.8,2.8
20/12/2013,2.79,2.79,2.8,2.79,2.8
19/12/2013,2.75,2.8,2.8,2.75,2.77
18/12/2013,2.74,2.74,2.74,2.74,2.74
17/12/2013,2.74,2.74,2.74,2.74,2.74
16/12/2013,2.74,2.74,2.74,2.74,2.74
13/12/2013,2.74,2.74,2.74,2.74,2.74
12/12/2013,2.76,2.76,2.76,2.76,2.74
11/12/2013,2.76,2.76,2.76,2.76,2.76
10/12/2013,2.76,2.76,2.76,2.76,2.75
09/12/2013,2.77,2.76,2.77,2.75,2.76
06/12/2013,2.77,2.77,2.77,2.77,2.73
05/12/2013,2.76,2.76,2.76,2.76,2.76
04/12/2013,2.76,2.76,2.76,2.76,2.76
03/12/2013,2.78,2.78,2.78,2.78,2.78
02/12/2013,2.8,2.8,2.8,2.8,2.8
29/11/2013,2.75,2.8,2.8,2.75,2.77
28/11/2013,2.75,2.75,2.75,2.75,2.74
27/11/2013,2.7,2.7,2.71,2.7,2.7
26/11/2013,2.77,2.75,2.77,2.75,2.75
25/11/2013,2.79,2.8,2.8,2.79,2.79
22/11/2013,2.79,2.8,2.8,2.79,2.79
21/11/2013,2.8,2.8,2.8,2.8,2.8
20/11/2013,2.8,2.8,2.8,2.8,2.8
19/11/2013,2.85,2.85,2.85,2.85,2.85
18/11/2013,2.85,2.85,2.85,2.8,2.85
15/11/2013,2.9,2.85,2.9,2.85,2.88
14/11/2013,2.95,2.9,2.95,2.9,2.91
13/11/2013,2.9,2.9,2.9,2.8,2.86
12/11/2013,2.9,2.9,2.9,2.9,2.9
11/11/2013,2.9,2.9,2.9,2.9,2.9
08/11/2013,2.9,2.9,2.9,2.9,2.9
07/11/2013,2.91,2.95,2.95,2.89,2.94
06/11/2013,2.95,2.98,2.98,2.95,2.98
05/11/2013,2.69,2.97,2.98,2.69,2.89
04/11/2013,2.97,2.98,2.99,2.97,2.98
31/10/2013,2.88,2.94,2.94,2.85,2.89
30/10/2013,2.95,2.98,2.98,2.95,2.97
29/10/2013,3,3,3,3,3
28/10/2013,3,3,3,3,3
25/10/2013,2.95,3,3,2.95,2.97
24/10/2013,2.9,2.95,2.95,2.9,2.9
23/10/2013,2.8,2.9,2.9,2.79,2.81
22/10/2013,2.8,2.8,2.8,2.8,2.8
21/10/2013,2.73,2.8,2.8,2.73,2.77
18/10/2013,2.73,2.73,2.73,2.73,2.73
17/10/2013,2.73,2.73,2.73,2.73,2.73
16/10/2013,2.73,2.73,2.73,2.73,2.73
15/10/2013,2.73,2.73,2.73,2.73,2.73
14/10/2013,2.7,2.7,2.7,2.7,2.7
11/10/2013,2.7,2.7,2.7,2.7,2.7
10/10/2013,2.73,2.61,2.73,2.57,2.63
09/10/2013,2.7,2.73,2.73,2.7,2.71
07/10/2013,2.69,2.69,2.69,2.69,2.69
04/10/2013,2.69,2.68,2.69,2.68,2.68
03/10/2013,2.69,2.69,2.69,2.69,2.69
02/10/2013,2.69,2.69,2.69,2.69,2.69
01/10/2013,2.69,2.69,2.69,2.69,2.69
30/09/2013,2.69,2.69,2.69,2.69,2.69
27/09/2013,2.69,2.69,2.69,2.69,2.69
26/09/2013,2.69,2.69,2.69,2.69,2.69
25/09/2013,2.77,2.69,2.77,2.69,2.69
24/09/2013,2.77,2.77,2.77,2.77,2.75
23/09/2013,2.77,2.77,2.77,2.77,2.74
20/09/2013,2.77,2.77,2.77,2.77,2.77
19/09/2013,2.77,2.77,2.77,2.77,2.77
18/09/2013,2.77,2.77,2.77,2.77,2.78
17/09/2013,2.81,2.82,2.82,2.81,2.82
16/09/2013,2.82,2.82,2.82,2.82,2.82
13/09/2013,2.82,2.82,2.82,2.82,2.82
12/09/2013,2.82,2.82,2.82,2.82,2.82
11/09/2013,2.82,2.82,2.82,2.82,2.82
10/09/2013,2.82,2.82,2.82,2.82,2.82
09/09/2013,2.83,2.83,2.83,2.83,2.83
06/09/2013,2.83,2.83,2.83,2.83,2.83
05/09/2013,2.83,2.83,2.83,2.83,2.83
04/09/2013,2.83,2.83,2.83,2.83,2.83
03/09/2013,2.7,2.8,2.8,2.7,2.71
02/09/2013,2.7,2.7,2.7,2.7,2.7
29/08/2013,2.7,2.7,2.7,2.7,2.7
28/08/2013,2.8,2.8,2.8,2.8,2.8
27/08/2013,2.85,2.85,2.85,2.85,2.85
26/08/2013,2.85,2.86,2.86,2.85,2.86
23/08/2013,2.85,2.9,2.9,2.85,2.86
22/08/2013,2.8,2.85,2.85,2.8,2.81
21/08/2013,2.75,2.8,2.8,2.75,2.77
20/08/2013,2.69,2.75,2.75,2.69,2.7
19/08/2013,2.7,2.7,2.7,2.69,2.69
16/08/2013,2.7,2.7,2.7,2.7,2.7
15/08/2013,2.72,2.75,2.75,2.72,2.74
14/08/2013,2.75,2.75,2.75,2.75,2.75
13/08/2013,2.7,2.75,2.75,2.7,2.73
12/08/2013,2.6,2.7,2.7,2.6,2.63
09/08/2013,2.65,2.6,2.65,2.6,2.63
08/08/2013,2.65,2.65,2.65,2.65,2.63
07/08/2013,2.65,2.7,2.7,2.65,2.66
06/08/2013,2.46,2.65,2.65,2.46,2.51
05/08/2013,2.45,2.45,2.45,2.45,2.45
02/08/2013,2.4,2.45,2.45,2.3,2.44
01/08/2013,2.4,2.4,2.4,2.4,2.4
31/07/2013,2.4,2.4,2.4,2.35,2.4
30/07/2013,2.4,2.4,2.4,2.4,2.4
26/07/2013,2.25,2.4,2.4,2.25,2.35
25/07/2013,2.19,2.25,2.25,2.19,2.21
24/07/2013,2.2,2.2,2.2,2.2,2.2
23/07/2013,2.2,2.15,2.2,2.15,2.19
22/07/2013,2.2,2.2,2.2,2.2,2.2
19/07/2013,2.25,2.2,2.25,2.2,2.22
18/07/2013,2.2,2.2,2.2,2.2,2.2
17/07/2013,2.15,2.15,2.15,2.15,2.15
16/07/2013,2.15,2.15,2.15,2.08,2.13
15/07/2013,2.15,2.15,2.15,2.15,2.15
12/07/2013,2.15,2.15,2.15,2.14,2.15
11/07/2013,2.14,2.15,2.15,2.14,2.15
10/07/2013,2.14,2.14,2.14,2.14,2.14
09/07/2013,2.15,2.14,2.15,2.14,2.15
08/07/2013,2.15,2.15,2.15,2.15,2.15
05/07/2013,2.15,2.15,2.15,2.15,2.15
04/07/2013,2.15,2.15,2.15,2.15,2.15
03/07/2013,2.15,2.15,2.15,2.15,2.15
02/07/2013,2.2,2.2,2.2,2.2,2.19
01/07/2013,2.2,2.2,2.2,2.2,2.2
28/06/2013,2.2,2.2,2.2,2.2,2.2
27/06/2013,2.15,2.15,2.15,2.15,2.15
26/06/2013,2.14,2.15,2.15,2.14,2.15
25/06/2013,2.15,2.15,2.15,2.15,2.14
24/06/2013,2.15,2.15,2.15,2.15,2.15
21/06/2013,2.13,2.15,2.15,2.13,2.14
20/06/2013,2.15,2.15,2.15,2.15,2.15
19/06/2013,2.2,2.2,2.2,2.2,2.2
18/06/2013,2.2,2.2,2.2,2.2,2.2
17/06/2013,2.2,2.2,2.2,2.2,2.2
14/06/2013,2.1,2.2,2.2,2.1,2.12
13/06/2013,2.1,2.1,2.1,2.05,2.08
12/06/2013,2.03,2.03,2.03,2.03,2.03
11/06/2013,2.03,2.03,2.03,2.03,2.02
10/06/2013,2.03,2.03,2.03,2.03,2.03
07/06/2013,2.03,2.03,2.03,2.03,2.03
06/06/2013,2.09,2.05,2.09,2.05,2.07
05/06/2013,2.1,2.1,2.1,2.1,2.1
04/06/2013,2.1,2.1,2.1,2.1,2.1
03/06/2013,2.13,2.02,2.13,2.02,2.07
31/05/2013,2.1,2.1,2.1,2.1,2.1
30/05/2013,2.1,2.1,2.1,2.1,2.1
29/05/2013,2.13,2.13,2.2,2.13,2.14
28/05/2013,2.2,2.23,2.23,2.2,2.22
27/05/2013,2.23,2.23,2.23,2.23,2.23
24/05/2013,2.28,2.28,2.28,2.28,2.28
23/05/2013,2.29,2.29,2.29,2.29,2.29
22/05/2013,2.29,2.29,2.29,2.29,2.29
21/05/2013,2.29,2.29,2.29,2.29,2.29
20/05/2013,2.29,2.29,2.29,2.29,2.29
17/05/2013,2.3,2.3,2.3,2.3,2.3
16/05/2013,2.29,2.3,2.3,2.29,2.3
15/05/2013,2.3,2.3,2.3,2.3,2.3
14/05/2013,2.3,2.3,2.3,2.3,2.3
13/05/2013,2.15,2.3,2.3,2.15,2.24
10/05/2013,2.1,2.15,2.15,2.1,2.13
09/05/2013,2.1,2.1,2.1,2.08,2.08
08/05/2013,2.05,2.05,2.05,2.05,2.05
07/05/2013,1.99,2,2,1.97,1.99
06/05/2013,2,2,2,2,2
03/05/2013,2,2,2.05,2,2
02/05/2013,1.95,2,2,1.95,1.99
30/04/2013,2.03,2.03,2.03,2.03,2.03
29/04/2013,2.07,2.06,2.07,2.06,2.06
26/04/2013,2.12,2.09,2.12,2.09,2.09
25/04/2013,2.23,2.17,2.23,2.1,2.13
24/04/2013,2.23,2.23,2.23,2.23,2.23
23/04/2013,2.28,2.28,2.28,2.28,2.28
22/04/2013,2.33,2.32,2.33,2.32,2.33
19/04/2013,2.34,2.34,2.34,2.34,2.34
18/04/2013,2.35,2.35,2.35,2.35,2.35
17/04/2013,2.35,2.35,2.35,2.35,2.35
16/04/2013,2.35,2.35,2.35,2.35,2.35
15/04/2013,2.4,2.4,2.4,2.4,2.4
12/04/2013,2.38,2.4,2.4,2.38,2.39
11/04/2013,2.4,2.4,2.4,2.4,2.34
10/04/2013,2.4,2.4,2.4,2.4,2.4
09/04/2013,2.38,2.4,2.4,2.38,2.39
08/04/2013,2.43,2.4,2.43,2.4,2.4
05/04/2013,2.45,2.45,2.45,2.45,2.44
04/04/2013,2.47,2.41,2.47,2.41,2.46
03/04/2013,2.35,2.45,2.45,2.35,2.39
02/04/2013,2.34,2.34,2.34,2.34,2.34
01/04/2013,2.3,2.34,2.34,2.3,2.31
27/03/2013,2.3,2.3,2.3,2.3,2.3
26/03/2013,2.3,2.3,2.3,2.3,2.3
25/03/2013,2.3,2.3,2.3,2.3,2.3
22/03/2013,2.3,2.3,2.3,2.29,2.3
21/03/2013,2.3,2.3,2.3,2.3,2.29
20/03/2013,2.3,2.3,2.3,2.3,2.3
19/03/2013,2.3,2.3,2.3,2.3,2.3
18/03/2013,2.3,2.3,2.3,2.3,2.3
15/03/2013,2.3,2.3,2.3,2.3,2.3
14/03/2013,2.2,2.2,2.2,2.2,2.2
13/03/2013,2.2,2.2,2.2,2.2,2.2
12/03/2013,2.35,2.2,2.35,2.2,2.22
11/03/2013,2.35,2.3,2.35,2.3,2.32
08/03/2013,2.35,2.35,2.35,2.35,2.35
07/03/2013,2.45,2.4,2.45,2.38,2.4
06/03/2013,2.45,2.45,2.45,2.45,2.45
05/03/2013,2.45,2.45,2.45,2.45,2.44
04/03/2013,2.4,2.4,2.4,2.4,2.4
01/03/2013,2.5,2.4,2.5,2.4,2.44
28/02/2013,2.5,2.5,2.5,2.5,2.49
27/02/2013,2.5,2.5,2.5,2.5,2.5
26/02/2013,2.5,2.5,2.5,2.5,2.5
25/02/2013,2.5,2.5,2.5,2.5,2.49
22/02/2013,2.59,2.59,2.59,2.59,2.59
21/02/2013,2.6,2.6,2.6,2.6,2.6
20/02/2013,2.6,2.6,2.6,2.6,2.6
19/02/2013,2.7,2.7,2.7,2.7,2.7
18/02/2013,2.69,2.7,2.7,2.69,2.69
15/02/2013,2.64,2.7,2.7,2.64,2.66
14/02/2013,2.66,2.66,2.66,2.66,2.66
13/02/2013,2.6,2.64,2.64,2.6,2.62
12/02/2013,2.57,2.66,2.66,2.57,2.6
11/02/2013,2.69,2.69,2.69,2.69,2.69
08/02/2013,2.7,2.69,2.7,2.69,2.7
07/02/2013,2.79,2.79,2.79,2.79,2.79
06/02/2013,2.79,2.79,2.79,2.75,2.78
05/02/2013,2.77,2.79,2.79,2.77,2.75
04/02/2013,2.8,2.79,2.8,2.79,2.8
01/02/2013,2.75,2.81,2.82,2.75,2.78
31/01/2013,2.69,2.7,2.7,2.69,2.69
30/01/2013,2.7,2.69,2.7,2.69,2.7
29/01/2013,2.7,2.7,2.7,2.7,2.69
28/01/2013,2.6,2.7,2.7,2.6,2.64
25/01/2013,2.8,2.7,2.81,2.7,2.79
24/01/2013,2.8,2.8,2.8,2.75,2.79
23/01/2013,2.69,2.75,2.75,2.69,2.7
22/01/2013,2.6,2.69,2.69,2.6,2.65
21/01/2013,2.55,2.55,2.55,2.55,2.55
18/01/2013,2.45,2.52,2.52,2.45,2.5
17/01/2013,2.45,2.45,2.45,2.45,2.45
16/01/2013,2.35,2.38,2.38,2.35,2.36
15/01/2013,2.34,2.35,2.35,2.34,2.35
14/01/2013,2.35,2.35,2.35,2.35,2.35
11/01/2013,2.38,2.35,2.38,2.35,2.37
10/01/2013,2.38,2.38,2.38,2.38,2.38
09/01/2013,2.47,2.37,2.47,2.37,2.41
08/01/2013,2.26,2.47,2.47,2.26,2.38
07/01/2013,2.29,2.26,2.29,2.26,2.26
04/01/2013,2.3,2.3,2.3,2.3,2.3
03/01/2013,2.4,2.4,2.4,2.4,2.4
02/01/2013,2.47,2.47,2.47,2.47,2.47
31/12/2012,2.4,2.45,2.45,2.4,2.44
28/12/2012,2.34,2.4,2.4,2.34,2.38
27/12/2012,2.33,2.34,2.34,2.33,2.33
26/12/2012,2.33,2.33,2.33,2.33,2.33
24/12/2012,2.33,2.33,2.33,2.33,2.33
21/12/2012,2.3,2.3,2.3,2.3,2.3
20/12/2012,2.25,2.3,2.3,2.25,2.27
19/12/2012,2.25,2.25,2.25,2.25,2.25
18/12/2012,2.2,2.3,2.31,2.2,2.3
17/12/2012,2.09,2.09,2.09,2.09,2.09
14/12/2012,2.09,2.09,2.09,2.09,2.09
13/12/2012,2.1,2.1,2.1,2.1,2.1
12/12/2012,2.05,2.1,2.1,2.05,2.08
11/12/2012,2.03,2.05,2.05,2.03,2.04
10/12/2012,2.05,2.05,2.05,2.05,2.05
07/12/2012,2.1,2.1,2.1,2.1,2.1
06/12/2012,2.15,2.1,2.15,2.1,2.11
05/12/2012,2.13,2.15,2.15,2.13,2.14
04/12/2012,2.15,2.15,2.15,2.13,2.15
03/12/2012,2.04,2.1,2.1,2.04,2.06
30/11/2012,2.04,2.04,2.04,2.04,2.03
29/11/2012,2.05,2.05,2.05,2.05,2.05
28/11/2012,2.05,2.05,2.05,2.05,2.05
27/11/2012,2.04,2.05,2.05,2.04,2.04
26/11/2012,2.04,2.05,2.05,2.04,2.04
23/11/2012,2.08,2.05,2.08,2.05,2.06
22/11/2012,2.05,2.05,2.05,2.05,2.05
21/11/2012,2.08,2.09,2.09,2.08,2.08
20/11/2012,2.1,2.1,2.1,2.1,2.1
19/11/2012,2.07,2.1,2.1,2.07,2.07
16/11/2012,2.07,2.07,2.07,2.07,2.07
15/11/2012,2.05,2.05,2.05,2.05,2.05
14/11/2012,2.1,2.08,2.1,2.08,2.08
13/11/2012,2.08,2.08,2.08,2.08,2.08
12/11/2012,2.08,2.08,2.08,2.08,2.08
09/11/2012,2.08,2.08,2.08,2.03,2.06
08/11/2012,2.1,2.1,2.1,2.1,2.1
07/11/2012,2.1,2.1,2.1,2.1,2.1
06/11/2012,2.03,2.1,2.1,2.03,2.04
05/11/2012,2.1,2.13,2.13,2.1,2.12
02/11/2012,2.1,2.1,2.1,2.1,2.1
31/10/2012,2.15,2.15,2.15,2.15,2.15
30/10/2012,2.15,2.15,2.15,2.15,2.15
29/10/2012,2.09,2.1,2.1,2.09,2.09
26/10/2012,2.08,2.1,2.1,2.07,2.09
25/10/2012,2.05,2.05,2.05,2.05,2.05
24/10/2012,2.1,2.1,2.1,2.1,2.09
23/10/2012,2.1,2.1,2.1,2.1,2.1
22/10/2012,2.1,2.16,2.16,2.1,2.13
19/10/2012,2.14,2.14,2.14,2.14,2.14
18/10/2012,2.1,2.14,2.14,2.1,2.12
17/10/2012,2.06,2.1,2.1,2.06,2.07
16/10/2012,2,2.05,2.05,2,2.02
15/10/2012,2,2,2,2,1.99
12/10/2012,2.03,2.04,2.04,2.03,2.03
11/10/2012,2,2,2,2,1.99
10/10/2012,1.96,1.96,1.96,1.96,1.96
09/10/2012,,,,,1.96
05/10/2012,1.96,1.96,1.96,1.96,1.96
04/10/2012,2,1.96,2,1.96,1.98
03/10/2012,2.05,2,2.05,2,2.03
28/09/2012,2.05,2.05,2.05,2.05,2.04
27/09/2012,2,2.01,2.01,2,2.01
26/09/2012,2,2,2,2,2
25/09/2012,2.05,2.05,2.05,2.05,2.04
24/09/2012,2.05,2.05,2.05,2.05,2.05
21/09/2012,2.05,2.05,2.05,2.05,2.06
20/09/2012,2.03,2.03,2.03,2.03,2.02
19/09/2012,2.03,2.03,2.03,2.03,2.03
18/09/2012,2.1,2.1,2.1,2.1,2.1
17/09/2012,2.15,2.15,2.15,2.15,2.13
14/09/2012,2.15,2.15,2.15,2.15,2.15
13/09/2012,2.11,2.15,2.15,2.11,2.13
12/09/2012,2.09,2.09,2.09,2.09,2.09
11/09/2012,2.09,2.09,2.09,2.09,2.08
10/09/2012,2.09,2.09,2.09,2.09,2.08
07/09/2012,2.09,2.09,2.09,2.09,2.08
06/09/2012,2.09,2.09,2.09,2.09,2.06
05/09/2012,2.09,2.09,2.09,2.09,2.09
04/09/2012,2.1,2.1,2.1,2.1,2.1
03/09/2012,2.12,2.13,2.13,2.12,2.1
31/08/2012,2.05,2.13,2.13,2.05,2.1
29/08/2012,2.05,2.05,2.05,2.05,2.05
28/08/2012,2.05,2.05,2.05,2.05,2.05
27/08/2012,2.05,2.05,2.05,2.05,2.05
24/08/2012,2.05,2.05,2.05,2.05,2.05
23/08/2012,2.12,2.12,2.12,2.12,2.12
22/08/2012,2.16,2.16,2.16,2.16,2.16
21/08/2012,2.16,2.16,2.16,2.16,2.16
20/08/2012,2.18,2.18,2.18,2.18,2.18
17/08/2012,2.08,2.15,2.15,2.08,2.12
16/08/2012,2.03,2.1,2.1,2.03,2.07
15/08/2012,2.1,2.1,2.1,2.1,2.1
14/08/2012,2.05,2.1,2.1,2.05,2.09
13/08/2012,2.05,2.05,2.05,2.05,2.05
10/08/2012,2.09,2.1,2.1,2.09,2.09
09/08/2012,2,2,2,2,2
08/08/2012,2,2,2,2,2
07/08/2012,2.09,2.05,2.09,2.05,2.07
06/08/2012,2.05,2.05,2.05,2.05,2.05
03/08/2012,2,2.05,2.05,2,2.02
02/08/2012,2,2,2,2,2
01/08/2012,2,2,2,2,2
31/07/2012,2,2,2,2,1.98
30/07/2012,2,1.94,2,1.94,1.98
27/07/2012,2,2,2,2,2
26/07/2012,2,2,2,2,2
25/07/2012,2,2,2,2,2
24/07/2012,2,2,2,2,2
23/07/2012,2,2,2,2,2
20/07/2012,2,2,2,2,2
19/07/2012,2,2,2,2,2
18/07/2012,2,2,2,2,2
17/07/2012,2,2,2,2,1.99
16/07/2012,2.08,2.08,2.08,2.08,2.08
13/07/2012,2.1,2.1,2.1,2.1,2.09
12/07/2012,2.09,2.1,2.1,2.09,2.09
11/07/2012,2.1,2.1,2.1,2.1,2.1
10/07/2012,2.1,2.1,2.12,2.1,2.11
09/07/2012,2.08,2.1,2.1,2.08,2.09
06/07/2012,2.05,2.06,2.06,2.05,2.05
05/07/2012,2,2,2,2,2
04/07/2012,2,2,2,2,2
03/07/2012,2.05,2.05,2.05,2.05,2.05
02/07/2012,2,2,2,2,2
28/06/2012,2,2,2,2,2
27/06/2012,2,2,2,2,1.99
26/06/2012,2,2,2,2,2
25/06/2012,1.95,2,2,1.95,1.97
22/06/2012,2,2,2,2,2
21/06/2012,2.07,2.05,2.07,2.05,2.05
20/06/2012,2.07,2.07,2.07,2.07,2.06
19/06/2012,2.04,2.05,2.05,2.04,2.04
18/06/2012,2.05,2.05,2.05,2.05,2.05
15/06/2012,2.01,2.01,2.02,1.98,2
14/06/2012,2.03,2.02,2.03,2,2.02
13/06/2012,2.16,2.16,2.16,2.16,2.16
12/06/2012,2.18,2.18,2.18,2.18,2.17
11/06/2012,2.2,2.2,2.2,2.2,2.2
08/06/2012,2.2,2.2,2.2,2.2,2.19
07/06/2012,2.2,2.2,2.2,2.2,2.2
06/06/2012,2.2,2.2,2.2,2.2,2.2
05/06/2012,2.25,2.24,2.25,2.24,2.23
04/06/2012,2.15,2.25,2.25,2.15,2.21
01/06/2012,2.25,2.25,2.25,2.25,2.25
31/05/2012,2.25,2.25,2.25,2.25,2.26
30/05/2012,2.17,2.2,2.2,2.17,2.18
29/05/2012,2.15,2.15,2.15,2.1,2.13
28/05/2012,2.1,2.1,2.1,2.1,2.1
25/05/2012,2,2.05,2.05,2,2.04
24/05/2012,2.09,2,2.09,2,2.04
23/05/2012,2.05,2.09,2.09,2.05,2.07
22/05/2012,1.97,2.05,2.05,1.97,1.99
21/05/2012,1.93,1.95,1.95,1.93,1.95
18/05/2012,1.9,1.91,1.91,1.9,1.91
17/05/2012,2,2,2,2,2
16/05/2012,2.02,2.01,2.02,2.01,2.01
15/05/2012,2,2.02,2.05,2,2.01
14/05/2012,2.04,2.03,2.04,2.03,2.04
11/05/2012,2.1,2.1,2.1,2.1,2.08
10/05/2012,2.05,2.05,2.05,2.05,2.05
09/05/2012,2.08,2.05,2.08,2.05,2.07
08/05/2012,2.1,2.1,2.1,2.1,2.1
07/05/2012,2.1,2.1,2.1,2.1,2.1
04/05/2012,2.05,2.05,2.05,2.05,2.05
03/05/2012,2.1,2.05,2.1,2.05,2.06
02/05/2012,2.06,2.1,2.1,2.05,2.07
30/04/2012,2.12,2.1,2.12,2.1,2.11
27/04/2012,2.15,2.12,2.15,2.12,2.13
26/04/2012,2.24,2.11,2.24,2.11,2.14
25/04/2012,2.21,2.2,2.21,2.2,2.2
24/04/2012,2.25,2.25,2.25,2.25,2.24
23/04/2012,2.25,2.25,2.25,2.25,2.25
20/04/2012,2.25,2.25,2.25,2.25,2.25
19/04/2012,2.3,2.25,2.3,2.25,2.28
18/04/2012,2.3,2.3,2.3,2.3,2.3
17/04/2012,2.25,2.3,2.3,2.25,2.29
16/04/2012,2.32,2.25,2.32,2.25,2.28
13/04/2012,2.25,2.25,2.25,2.25,2.25
12/04/2012,2.25,2.25,2.25,2.25,2.24
11/04/2012,2.2,2.25,2.25,2.2,2.24
10/04/2012,2.2,2.2,2.2,2.2,2.2
09/04/2012,2.25,2.26,2.26,2.25,2.25
04/04/2012,2.2,2.2,2.2,2.2,2.2
03/04/2012,2.29,2.29,2.3,2.23,2.28
02/04/2012,2.25,2.25,2.25,2.25,2.25
30/03/2012,2.17,2.18,2.18,2.17,2.18
29/03/2012,2.15,2.15,2.15,2.15,2.15
28/03/2012,2.16,2.25,2.25,2.16,2.19
27/03/2012,2.2,2.2,2.2,2.2,2.2
26/03/2012,2.2,2.1,2.2,2.1,2.11
23/03/2012,2.2,2.2,2.2,2.2,2.2
22/03/2012,2.33,2.25,2.33,2.25,2.26
21/03/2012,2.3,2.33,2.33,2.3,2.33
20/03/2012,2.35,2.35,2.35,2.35,2.35
19/03/2012,2.35,2.35,2.35,2.35,2.35
16/03/2012,2.35,2.35,2.35,2.35,2.34
15/03/2012,2.35,2.3,2.35,2.3,2.32
14/03/2012,2.3,2.35,2.35,2.3,2.31
13/03/2012,2.3,2.31,2.35,2.3,2.33
12/03/2012,2.3,2.3,2.3,2.3,2.3
09/03/2012,2.36,2.3,2.36,2.3,2.34
08/03/2012,2.36,2.36,2.36,2.36,2.36
07/03/2012,2.4,2.36,2.4,2.36,2.37
06/03/2012,2.33,2.4,2.4,2.33,2.36
05/03/2012,2.4,2.4,2.4,2.4,2.4
02/03/2012,2.37,2.36,2.37,2.34,2.35
01/03/2012,2.39,2.37,2.39,2.37,2.38
29/02/2012,2.4,2.39,2.4,2.39,2.39
28/02/2012,2.45,2.45,2.45,2.4,2.41
27/02/2012,2.4,2.4,2.4,2.4,2.4
24/02/2012,2.4,2.4,2.4,2.4,2.4
23/02/2012,2.43,2.4,2.43,2.4,2.42
22/02/2012,2.4,2.4,2.4,2.4,2.4
21/02/2012,2.45,2.45,2.45,2.45,2.45
20/02/2012,2.4,2.4,2.4,2.4,2.4
17/02/2012,2.4,2.4,2.4,2.4,2.4
16/02/2012,2.4,2.4,2.4,2.35,2.39
15/02/2012,2.4,2.4,2.4,2.4,2.4
14/02/2012,2.4,2.4,2.4,2.4,2.4
13/02/2012,2.45,2.35,2.45,2.35,2.39
10/02/2012,2.53,2.48,2.53,2.48,2.5
09/02/2012,2.58,2.58,2.58,2.58,2.58
08/02/2012,2.55,2.58,2.58,2.55,2.56
07/02/2012,2.6,2.55,2.6,2.55,2.58
06/02/2012,2.58,2.58,2.58,2.58,2.58
03/02/2012,2.57,2.6,2.68,2.57,2.61
02/02/2012,2.6,2.56,2.6,2.56,2.58
01/02/2012,2.5,2.55,2.55,2.5,2.55
31/01/2012,2.56,2.5,2.56,2.5,2.55
30/01/2012,2.59,2.55,2.6,2.53,2.57
27/01/2012,2.53,2.5,2.53,2.5,2.51
26/01/2012,2.53,2.53,2.53,2.53,2.53
25/01/2012,2.62,2.62,2.62,2.62,2.57
24/01/2012,2.6,2.6,2.63,2.6,2.61
23/01/2012,2.55,2.6,2.6,2.55,2.56
20/01/2012,2.45,2.45,2.45,2.45,2.45
19/01/2012,2.47,2.5,2.5,2.47,2.48
18/01/2012,2.53,2.5,2.53,2.5,2.51
17/01/2012,2.55,2.53,2.55,2.53,2.54
16/01/2012,2.5,2.5,2.5,2.5,2.5
13/01/2012,2.55,2.55,2.55,2.55,2.55
12/01/2012,2.55,2.55,2.55,2.55,2.55
11/01/2012,2.45,2.6,2.6,2.45,2.56
10/01/2012,2.55,2.55,2.55,2.55,2.55
09/01/2012,2.5,2.52,2.52,2.5,2.51
06/01/2012,2.47,2.47,2.47,2.47,2.47
05/01/2012,2.47,2.47,2.47,2.47,2.47
04/01/2012,2.47,2.47,2.47,2.47,2.47
03/01/2012,2.45,2.45,2.45,2.45,2.45
02/01/2012,2.47,2.45,2.47,2.45,2.47
