Fecha,Apertura,Cierre,Maxima,Minima,Promedio
03/01/2012,0.9,0.9,0.9,0.9,0.9
05/01/2012,0.88,0.88,0.88,0.88,0.88
06/01/2012,0.86,0.85,0.86,0.85,0.86
09/01/2012,0.86,0.86,0.86,0.86,0.86
10/01/2012,0.87,0.88,0.88,0.87,0.88
11/01/2012,0.86,0.86,0.86,0.86,0.86
12/01/2012,0.87,0.89,0.89,0.87,0.88
13/01/2012,0.89,0.89,0.89,0.89,0.89
16/01/2012,0.9,0.9,0.9,0.9,0.9
17/01/2012,0.9,0.89,0.9,0.89,0.9
18/01/2012,0.89,0.89,0.89,0.89,0.89
19/01/2012,0.87,0.86,0.88,0.86,0.87
20/01/2012,0.86,0.88,0.88,0.86,0.88
23/01/2012,0.88,0.88,0.88,0.88,0.88
24/01/2012,0.88,0.88,0.89,0.88,0.88
25/01/2012,0.88,0.88,0.88,0.88,0.88
26/01/2012,0.88,0.89,0.89,0.88,0.88
27/01/2012,0.89,0.9,0.9,0.89,0.9
30/01/2012,0.88,0.92,0.92,0.88,0.9
31/01/2012,0.91,0.95,0.95,0.9,0.93
01/02/2012,0.92,0.94,0.95,0.92,0.94
02/02/2012,0.94,0.94,0.95,0.93,0.94
03/02/2012,0.95,0.96,0.96,0.95,0.96
06/02/2012,0.96,0.98,0.98,0.96,0.97
07/02/2012,0.97,0.97,0.97,0.97,0.97
08/02/2012,0.98,0.97,0.98,0.96,0.97
09/02/2012,0.98,0.98,0.98,0.98,0.98
10/02/2012,0.97,0.96,0.97,0.95,0.96
13/02/2012,0.97,0.96,0.97,0.95,0.96
15/02/2012,0.95,0.96,0.96,0.95,0.95
16/02/2012,0.96,0.96,0.98,0.95,0.97
17/02/2012,0.95,0.97,0.97,0.95,0.97
20/02/2012,0.95,0.97,0.97,0.95,0.97
21/02/2012,0.96,0.96,0.97,0.96,0.96
23/02/2012,0.92,0.95,0.95,0.92,0.94
24/02/2012,0.94,0.94,0.94,0.94,0.94
27/02/2012,0.93,0.94,0.94,0.93,0.93
28/02/2012,0.94,0.94,0.94,0.94,0.94
29/02/2012,0.93,0.93,0.93,0.93,0.93
01/03/2012,0.93,0.94,0.94,0.92,0.93
02/03/2012,0.92,0.96,0.96,0.92,0.96
05/03/2012,0.94,0.94,0.94,0.94,0.94
06/03/2012,0.93,0.93,0.93,0.92,0.93
07/03/2012,0.92,0.94,0.94,0.92,0.94
08/03/2012,0.94,0.93,0.94,0.92,0.93
09/03/2012,0.92,0.95,0.95,0.92,0.95
12/03/2012,0.93,0.94,0.94,0.93,0.94
13/03/2012,0.94,0.95,0.95,0.94,0.95
14/03/2012,0.95,0.94,0.95,0.93,0.94
16/03/2012,0.94,0.93,0.94,0.93,0.94
19/03/2012,0.92,0.95,0.95,0.92,0.94
20/03/2012,0.95,0.95,0.96,0.95,0.95
21/03/2012,0.95,0.95,0.95,0.95,0.95
22/03/2012,0.93,0.93,0.94,0.93,0.93
23/03/2012,0.94,0.95,0.95,0.93,0.94
26/03/2012,0.94,0.96,0.96,0.94,0.96
27/03/2012,0.97,0.98,0.98,0.97,0.97
28/03/2012,0.98,0.98,0.99,0.98,0.98
30/03/2012,0.98,1,1.01,0.98,1
02/04/2012,1,1.03,1.03,1,1.01
03/04/2012,1.02,1.03,1.04,1.02,1.04
04/04/2012,1.02,1,1.02,1,1
09/04/2012,1,0.99,1,0.98,0.99
10/04/2012,0.99,0.98,0.99,0.97,0.98
11/04/2012,0.98,0.99,0.99,0.98,0.98
12/04/2012,1,1.01,1.01,0.98,1
13/04/2012,1.01,1,1.01,1,1
16/04/2012,1,1,1,1,1
17/04/2012,1,1,1,0.99,1
19/04/2012,0.99,0.99,0.99,0.98,0.99
20/04/2012,0.99,0.99,0.99,0.99,0.99
25/04/2012,0.97,1,1,0.95,0.99
26/04/2012,0.97,1,1,0.97,1
27/04/2012,0.97,0.99,0.99,0.97,0.99
30/04/2012,0.98,0.98,0.98,0.98,0.98
02/05/2012,0.95,0.94,0.95,0.94,0.94
03/05/2012,0.92,0.92,0.92,0.9,0.92
04/05/2012,0.92,0.92,0.92,0.92,0.92
07/05/2012,0.9,0.9,0.9,0.9,0.9
08/05/2012,0.88,0.85,0.88,0.84,0.86
09/05/2012,0.85,0.85,0.85,0.85,0.85
10/05/2012,0.86,0.85,0.86,0.85,0.86
11/05/2012,0.85,0.85,0.85,0.85,0.85
14/05/2012,0.83,0.83,0.83,0.83,0.83
15/05/2012,0.83,0.82,0.83,0.82,0.83
16/05/2012,0.79,0.78,0.8,0.78,0.79
17/05/2012,0.77,0.74,0.77,0.72,0.75
18/05/2012,0.71,0.7,0.71,0.7,0.7
21/05/2012,0.7,0.72,0.72,0.7,0.71
22/05/2012,0.75,0.74,0.75,0.74,0.75
23/05/2012,0.73,0.73,0.73,0.71,0.72
28/05/2012,0.73,0.73,0.73,0.73,0.73
29/05/2012,0.73,0.73,0.73,0.73,0.73
30/05/2012,0.71,0.72,0.73,0.71,0.72
31/05/2012,0.72,0.72,0.72,0.72,0.72
01/06/2012,0.71,0.71,0.71,0.71,0.71
04/06/2012,0.68,0.7,0.7,0.68,0.69
05/06/2012,0.7,0.7,0.7,0.7,0.7
06/06/2012,0.7,0.73,0.73,0.7,0.73
07/06/2012,0.73,0.73,0.73,0.73,0.73
08/06/2012,0.73,0.74,0.75,0.73,0.74
12/06/2012,0.74,0.72,0.74,0.72,0.74
13/06/2012,0.73,0.72,0.73,0.71,0.72
14/06/2012,0.71,0.71,0.71,0.71,0.71
15/06/2012,0.7,0.7,0.7,0.7,0.7
18/06/2012,0.7,0.72,0.72,0.7,0.72
19/06/2012,0.72,0.72,0.72,0.72,0.72
20/06/2012,0.71,0.71,0.71,0.71,0.71
21/06/2012,0.71,0.71,0.71,0.71,0.71
22/06/2012,0.7,0.72,0.72,0.7,0.71
25/06/2012,0.7,0.72,0.72,0.7,0.72
26/06/2012,0.72,0.72,0.72,0.72,0.72
02/07/2012,0.72,0.74,0.74,0.72,0.73
03/07/2012,0.74,0.75,0.75,0.74,0.75
05/07/2012,0.74,0.74,0.74,0.73,0.74
06/07/2012,0.73,0.74,0.74,0.73,0.74
09/07/2012,0.73,0.73,0.73,0.73,0.73
10/07/2012,0.72,0.72,0.72,0.71,0.72
11/07/2012,0.71,0.71,0.71,0.71,0.71
12/07/2012,0.71,0.71,0.71,0.71,0.71
13/07/2012,0.72,0.72,0.72,0.72,0.72
16/07/2012,0.71,0.72,0.72,0.7,0.71
18/07/2012,0.73,0.73,0.73,0.73,0.73
19/07/2012,0.73,0.73,0.73,0.72,0.73
23/07/2012,0.7,0.71,0.71,0.7,0.71
24/07/2012,0.7,0.7,0.7,0.7,0.7
25/07/2012,0.67,0.69,0.69,0.67,0.68
26/07/2012,0.67,0.69,0.69,0.67,0.68
27/07/2012,0.67,0.7,0.7,0.67,0.69
30/07/2012,0.68,0.68,0.68,0.68,0.68
31/07/2012,0.66,0.68,0.68,0.65,0.67
01/08/2012,0.66,0.67,0.67,0.66,0.66
02/08/2012,0.66,0.67,0.67,0.65,0.66
03/08/2012,0.68,0.68,0.68,0.68,0.68
06/08/2012,0.68,0.68,0.68,0.67,0.68
07/08/2012,0.65,0.68,0.68,0.65,0.68
08/08/2012,0.66,0.66,0.66,0.65,0.66
09/08/2012,0.65,0.65,0.65,0.65,0.65
10/08/2012,0.63,0.64,0.64,0.62,0.63
13/08/2012,0.64,0.64,0.64,0.63,0.64
14/08/2012,0.64,0.65,0.65,0.64,0.65
16/08/2012,0.66,0.66,0.66,0.66,0.66
20/08/2012,0.64,0.66,0.66,0.64,0.65
21/08/2012,0.67,0.66,0.67,0.66,0.66
22/08/2012,0.65,0.65,0.65,0.65,0.65
23/08/2012,0.64,0.63,0.64,0.63,0.64
24/08/2012,0.63,0.62,0.63,0.62,0.63
28/08/2012,0.6,0.61,0.62,0.6,0.6
29/08/2012,0.6,0.59,0.6,0.58,0.59
31/08/2012,0.58,0.62,0.62,0.58,0.61
04/09/2012,0.57,0.59,0.61,0.57,0.6
05/09/2012,0.59,0.58,0.59,0.57,0.58
06/09/2012,0.59,0.6,0.6,0.59,0.6
07/09/2012,0.6,0.61,0.61,0.6,0.61
11/09/2012,0.61,0.62,0.62,0.61,0.61
12/09/2012,0.61,0.62,0.62,0.61,0.61
13/09/2012,0.62,0.63,0.64,0.62,0.63
14/09/2012,0.67,0.67,0.67,0.66,0.67
17/09/2012,0.67,0.67,0.67,0.66,0.67
18/09/2012,0.67,0.67,0.67,0.67,0.67
19/09/2012,0.66,0.65,0.66,0.65,0.65
20/09/2012,0.65,0.65,0.65,0.65,0.65
21/09/2012,0.66,0.68,0.68,0.66,0.66
26/09/2012,0.65,0.67,0.67,0.65,0.66
27/09/2012,0.67,0.68,0.68,0.67,0.67
28/09/2012,0.66,0.66,0.66,0.66,0.66
03/10/2012,0.65,0.63,0.65,0.63,0.64
04/10/2012,0.63,0.64,0.64,0.63,0.63
05/10/2012,0.64,0.64,0.64,0.64,0.64
09/10/2012,0.63,0.64,0.64,0.63,0.63
10/10/2012,0.64,0.64,0.64,0.64,0.64
12/10/2012,0.64,0.64,0.64,0.64,0.64
16/10/2012,0.63,0.65,0.65,0.63,0.65
17/10/2012,0.63,0.65,0.65,0.63,0.64
18/10/2012,0.63,0.63,0.64,0.63,0.63
19/10/2012,0.63,0.64,0.64,0.63,0.64
22/10/2012,0.63,0.64,0.64,0.63,0.64
23/10/2012,0.64,0.65,0.65,0.64,0.65
24/10/2012,0.63,0.65,0.65,0.63,0.65
25/10/2012,0.63,0.64,0.64,0.63,0.64
26/10/2012,0.63,0.62,0.63,0.62,0.62
30/10/2012,0.63,0.63,0.63,0.63,0.63
31/10/2012,0.63,0.63,0.63,0.63,0.63
02/11/2012,0.63,0.63,0.63,0.63,0.63
05/11/2012,0.63,0.63,0.63,0.62,0.63
06/11/2012,0.62,0.62,0.62,0.62,0.62
07/11/2012,0.61,0.62,0.62,0.6,0.62
08/11/2012,0.62,0.62,0.62,0.62,0.62
09/11/2012,0.61,0.61,0.61,0.61,0.61
12/11/2012,0.6,0.59,0.6,0.59,0.59
13/11/2012,0.59,0.57,0.59,0.57,0.57
14/11/2012,0.57,0.56,0.57,0.55,0.56
15/11/2012,0.54,0.55,0.55,0.54,0.55
16/11/2012,0.55,0.54,0.55,0.54,0.55
19/11/2012,0.54,0.55,0.55,0.54,0.54
20/11/2012,0.54,0.55,0.55,0.54,0.55
21/11/2012,0.53,0.54,0.54,0.53,0.53
22/11/2012,0.54,0.53,0.54,0.53,0.53
23/11/2012,0.53,0.54,0.54,0.53,0.54
26/11/2012,0.53,0.52,0.53,0.5,0.52
27/11/2012,0.5,0.47,0.5,0.47,0.47
28/11/2012,0.45,0.43,0.45,0.43,0.44
29/11/2012,0.43,0.42,0.44,0.42,0.43
30/11/2012,0.42,0.39,0.42,0.39,0.39
03/12/2012,0.41,0.41,0.43,0.41,0.42
04/12/2012,0.42,0.41,0.42,0.41,0.42
05/12/2012,0.4,0.41,0.41,0.4,0.41
06/12/2012,0.4,0.41,0.41,0.4,0.4
07/12/2012,0.4,0.4,0.4,0.4,0.4
10/12/2012,0.4,0.4,0.4,0.4,0.4
11/12/2012,0.4,0.4,0.4,0.4,0.4
14/12/2012,0.4,0.4,0.4,0.4,0.4
17/12/2012,0.39,0.4,0.4,0.39,0.39
18/12/2012,0.4,0.4,0.4,0.4,0.4
26/12/2012,0.4,0.39,0.4,0.39,0.39
27/12/2012,0.38,0.39,0.39,0.38,0.38
28/12/2012,0.38,0.39,0.39,0.38,0.38
31/12/2012,0.38,0.37,0.38,0.37,0.37
02/01/2013,0.39,0.39,0.39,0.39,0.39
03/01/2013,0.39,0.38,0.39,0.37,0.38
04/01/2013,0.38,0.38,0.38,0.37,0.38
07/01/2013,0.38,0.38,0.39,0.38,0.38
08/01/2013,0.38,0.39,0.39,0.38,0.38
09/01/2013,0.39,0.38,0.39,0.37,0.38
10/01/2013,0.39,0.38,0.39,0.38,0.39
11/01/2013,0.38,0.36,0.39,0.36,0.36
14/01/2013,0.37,0.36,0.37,0.36,0.37
15/01/2013,0.36,0.36,0.36,0.36,0.36
16/01/2013,0.36,0.36,0.36,0.36,0.36
17/01/2013,0.35,0.34,0.35,0.33,0.35
18/01/2013,0.35,0.33,0.35,0.33,0.33
21/01/2013,0.32,0.32,0.32,0.32,0.32
22/01/2013,0.32,0.33,0.33,0.32,0.33
23/01/2013,0.33,0.33,0.33,0.33,0.33
24/01/2013,0.33,0.34,0.34,0.33,0.33
25/01/2013,0.34,0.34,0.34,0.34,0.34
28/01/2013,0.33,0.32,0.33,0.32,0.33
29/01/2013,0.32,0.32,0.33,0.32,0.32
30/01/2013,0.33,0.32,0.33,0.32,0.33
31/01/2013,0.33,0.33,0.33,0.33,0.33
01/02/2013,0.34,0.36,0.36,0.34,0.36
04/02/2013,0.35,0.35,0.35,0.35,0.35
05/02/2013,0.34,0.35,0.35,0.34,0.34
06/02/2013,0.34,0.33,0.34,0.33,0.33
07/02/2013,0.34,0.33,0.34,0.33,0.33
08/02/2013,0.33,0.33,0.33,0.33,0.33
11/02/2013,0.33,0.32,0.33,0.32,0.32
12/02/2013,0.32,0.32,0.32,0.32,0.32
13/02/2013,0.32,0.31,0.32,0.31,0.32
14/02/2013,0.32,0.29,0.32,0.29,0.3
15/02/2013,0.3,0.29,0.3,0.29,0.29
19/02/2013,0.29,0.28,0.29,0.28,0.28
20/02/2013,0.28,0.28,0.28,0.28,0.28
21/02/2013,0.27,0.27,0.27,0.27,0.27
22/02/2013,0.26,0.26,0.26,0.25,0.26
25/02/2013,0.26,0.24,0.26,0.24,0.24
26/02/2013,0.25,0.24,0.25,0.24,0.24
27/02/2013,0.24,0.24,0.25,0.24,0.24
28/02/2013,0.24,0.24,0.24,0.24,0.24
01/03/2013,0.24,0.24,0.24,0.24,0.24
04/03/2013,0.23,0.22,0.23,0.22,0.23
05/03/2013,0.23,0.23,0.23,0.23,0.23
06/03/2013,0.23,0.23,0.23,0.23,0.23
07/03/2013,0.24,0.26,0.26,0.24,0.25
08/03/2013,0.26,0.26,0.27,0.25,0.26
12/03/2013,0.25,0.25,0.25,0.25,0.25
13/03/2013,0.25,0.24,0.25,0.24,0.24
14/03/2013,0.24,0.24,0.24,0.24,0.24
15/03/2013,0.25,0.25,0.25,0.25,0.25
18/03/2013,0.25,0.25,0.25,0.24,0.25
19/03/2013,0.24,0.24,0.24,0.23,0.24
21/03/2013,0.24,0.24,0.24,0.24,0.24
22/03/2013,0.25,0.24,0.25,0.24,0.24
26/03/2013,0.24,0.24,0.24,0.24,0.24
27/03/2013,0.23,0.23,0.23,0.23,0.23
01/04/2013,0.23,0.23,0.23,0.23,0.23
02/04/2013,0.23,0.23,0.23,0.23,0.23
03/04/2013,0.23,0.23,0.23,0.23,0.23
04/04/2013,0.24,0.24,0.24,0.24,0.24
05/04/2013,0.24,0.24,0.24,0.24,0.24
08/04/2013,0.24,0.24,0.24,0.24,0.24
09/04/2013,0.24,0.24,0.24,0.24,0.24
11/04/2013,0.23,0.23,0.23,0.22,0.22
12/04/2013,0.22,0.22,0.22,0.22,0.22
15/04/2013,0.22,0.22,0.22,0.22,0.22
16/04/2013,0.23,0.23,0.24,0.23,0.23
17/04/2013,0.23,0.22,0.23,0.21,0.22
19/04/2013,0.22,0.22,0.22,0.22,0.22
22/04/2013,0.22,0.22,0.22,0.22,0.22
23/04/2013,0.22,0.22,0.22,0.22,0.22
24/04/2013,0.22,0.22,0.23,0.22,0.22
25/04/2013,0.23,0.22,0.23,0.22,0.22
26/04/2013,0.22,0.21,0.22,0.21,0.21
29/04/2013,0.21,0.21,0.21,0.21,0.21
30/04/2013,0.2,0.2,0.2,0.2,0.2
02/05/2013,0.2,0.2,0.2,0.2,0.2
03/05/2013,0.21,0.21,0.21,0.21,0.21
06/05/2013,0.22,0.22,0.22,0.22,0.22
07/05/2013,0.22,0.22,0.22,0.22,0.22
08/05/2013,0.22,0.22,0.22,0.22,0.22
09/05/2013,0.23,0.23,0.23,0.23,0.23
10/05/2013,0.23,0.23,0.23,0.23,0.23
13/05/2013,0.22,0.23,0.23,0.22,0.22
14/05/2013,0.22,0.22,0.22,0.22,0.22
15/05/2013,0.22,0.22,0.22,0.22,0.22
16/05/2013,0.21,0.21,0.21,0.21,0.21
17/05/2013,0.21,0.25,0.25,0.21,0.25
20/05/2013,0.25,0.23,0.25,0.23,0.24
21/05/2013,0.23,0.23,0.23,0.23,0.23
22/05/2013,0.23,0.2,0.23,0.2,0.2
23/05/2013,0.21,0.21,0.21,0.2,0.2
24/05/2013,0.21,0.2,0.21,0.2,0.2
28/05/2013,0.2,0.2,0.2,0.2,0.2
29/05/2013,0.21,0.21,0.21,0.21,0.21
30/05/2013,0.21,0.22,0.22,0.21,0.21
31/05/2013,0.21,0.21,0.21,0.21,0.21
03/06/2013,0.2,0.21,0.21,0.2,0.21
04/06/2013,0.22,0.22,0.22,0.22,0.22
07/06/2013,0.22,0.22,0.22,0.22,0.22
10/06/2013,0.2,0.21,0.21,0.2,0.2
11/06/2013,0.21,0.21,0.21,0.21,0.21
13/06/2013,0.21,0.22,0.22,0.21,0.22
14/06/2013,0.23,0.23,0.23,0.23,0.23
17/06/2013,0.23,0.23,0.23,0.23,0.23
18/06/2013,0.23,0.23,0.23,0.23,0.23
19/06/2013,0.24,0.22,0.24,0.22,0.23
20/06/2013,0.22,0.21,0.22,0.21,0.21
21/06/2013,0.21,0.21,0.21,0.21,0.21
24/06/2013,0.21,0.21,0.21,0.21,0.21
25/06/2013,0.2,0.21,0.21,0.2,0.2
26/06/2013,0.21,0.21,0.21,0.21,0.21
27/06/2013,0.21,0.2,0.21,0.2,0.2
28/06/2013,0.2,0.21,0.21,0.2,0.2
01/07/2013,0.2,0.21,0.21,0.2,0.21
02/07/2013,0.21,0.21,0.21,0.21,0.21
03/07/2013,0.21,0.21,0.21,0.2,0.21
04/07/2013,0.21,0.21,0.21,0.21,0.21
05/07/2013,0.21,0.21,0.21,0.21,0.21
08/07/2013,0.21,0.21,0.21,0.21,0.21
09/07/2013,0.21,0.21,0.21,0.21,0.21
10/07/2013,0.2,0.2,0.2,0.2,0.2
11/07/2013,0.21,0.21,0.21,0.21,0.21
12/07/2013,0.2,0.2,0.2,0.2,0.2
15/07/2013,0.2,0.2,0.2,0.2,0.2
17/07/2013,0.2,0.2,0.2,0.2,0.2
18/07/2013,0.2,0.2,0.2,0.2,0.2
19/07/2013,0.22,0.26,0.27,0.22,0.24
22/07/2013,0.26,0.26,0.26,0.25,0.26
23/07/2013,0.26,0.26,0.26,0.26,0.26
24/07/2013,0.26,0.25,0.26,0.25,0.26
25/07/2013,0.24,0.23,0.24,0.23,0.23
26/07/2013,0.23,0.23,0.23,0.23,0.23
30/07/2013,0.23,0.23,0.23,0.23,0.23
31/07/2013,0.23,0.23,0.23,0.23,0.23
01/08/2013,0.23,0.23,0.23,0.23,0.23
07/08/2013,0.23,0.24,0.24,0.23,0.24
08/08/2013,0.23,0.23,0.23,0.23,0.23
09/08/2013,0.23,0.24,0.25,0.23,0.24
12/08/2013,0.25,0.25,0.25,0.25,0.25
13/08/2013,0.25,0.25,0.25,0.25,0.25
14/08/2013,0.27,0.25,0.27,0.25,0.26
15/08/2013,0.25,0.25,0.25,0.24,0.24
19/08/2013,0.25,0.25,0.25,0.25,0.25
20/08/2013,0.24,0.24,0.24,0.24,0.24
21/08/2013,0.24,0.25,0.25,0.24,0.25
23/08/2013,0.24,0.26,0.26,0.24,0.25
26/08/2013,0.26,0.27,0.27,0.25,0.26
27/08/2013,0.25,0.25,0.25,0.25,0.25
28/08/2013,0.25,0.25,0.25,0.25,0.25
29/08/2013,0.25,0.25,0.25,0.25,0.25
02/09/2013,0.25,0.25,0.25,0.25,0.25
03/09/2013,0.25,0.25,0.25,0.25,0.25
04/09/2013,0.25,0.24,0.25,0.24,0.24
05/09/2013,0.25,0.24,0.25,0.24,0.24
06/09/2013,0.24,0.24,0.24,0.24,0.24
09/09/2013,0.25,0.25,0.25,0.25,0.25
10/09/2013,0.25,0.28,0.28,0.25,0.27
11/09/2013,0.27,0.27,0.27,0.27,0.27
12/09/2013,0.27,0.26,0.27,0.26,0.26
13/09/2013,0.26,0.27,0.27,0.26,0.27
16/09/2013,0.27,0.28,0.28,0.27,0.28
17/09/2013,0.29,0.27,0.29,0.27,0.29
18/09/2013,0.28,0.28,0.29,0.27,0.28
19/09/2013,0.28,0.29,0.3,0.28,0.29
20/09/2013,0.29,0.29,0.3,0.29,0.29
23/09/2013,0.29,0.29,0.29,0.29,0.29
24/09/2013,0.28,0.27,0.28,0.27,0.28
25/09/2013,0.28,0.28,0.28,0.28,0.28
26/09/2013,0.27,0.27,0.27,0.27,0.27
27/09/2013,0.28,0.28,0.28,0.28,0.28
01/10/2013,0.28,0.28,0.28,0.28,0.28
02/10/2013,0.28,0.27,0.28,0.27,0.27
03/10/2013,0.27,0.27,0.27,0.26,0.26
04/10/2013,0.26,0.26,0.26,0.26,0.26
07/10/2013,0.27,0.27,0.27,0.27,0.27
09/10/2013,0.26,0.26,0.26,0.26,0.26
10/10/2013,0.26,0.26,0.26,0.26,0.26
11/10/2013,0.26,0.26,0.26,0.26,0.26
14/10/2013,0.25,0.25,0.25,0.25,0.25
15/10/2013,0.25,0.25,0.25,0.25,0.25
16/10/2013,0.26,0.26,0.26,0.26,0.26
17/10/2013,0.26,0.27,0.28,0.26,0.27
18/10/2013,0.27,0.28,0.28,0.27,0.27
21/10/2013,0.28,0.28,0.28,0.28,0.28
22/10/2013,0.29,0.3,0.3,0.29,0.3
23/10/2013,0.3,0.31,0.32,0.3,0.31
24/10/2013,0.33,0.33,0.33,0.32,0.32
25/10/2013,0.32,0.33,0.33,0.32,0.33
28/10/2013,0.32,0.32,0.32,0.32,0.32
29/10/2013,0.32,0.32,0.32,0.32,0.32
30/10/2013,0.32,0.32,0.32,0.31,0.32
31/10/2013,0.36,0.35,0.36,0.34,0.36
04/11/2013,0.35,0.38,0.39,0.35,0.38
05/11/2013,0.38,0.37,0.38,0.37,0.38
06/11/2013,0.36,0.36,0.36,0.36,0.36
07/11/2013,0.35,0.35,0.35,0.34,0.35
08/11/2013,0.35,0.34,0.35,0.34,0.34
11/11/2013,0.34,0.35,0.35,0.34,0.35
12/11/2013,0.35,0.36,0.36,0.35,0.36
13/11/2013,0.36,0.35,0.36,0.35,0.35
14/11/2013,0.34,0.34,0.34,0.34,0.34
15/11/2013,0.35,0.35,0.35,0.34,0.35
18/11/2013,0.35,0.34,0.35,0.34,0.35
19/11/2013,0.33,0.33,0.34,0.33,0.33
20/11/2013,0.33,0.33,0.33,0.32,0.32
21/11/2013,0.31,0.31,0.31,0.31,0.31
22/11/2013,0.31,0.3,0.31,0.29,0.3
25/11/2013,0.3,0.3,0.3,0.3,0.3
26/11/2013,0.29,0.31,0.31,0.29,0.3
27/11/2013,0.31,0.31,0.31,0.31,0.31
28/11/2013,0.31,0.32,0.32,0.31,0.32
02/12/2013,0.33,0.33,0.33,0.33,0.33
03/12/2013,0.33,0.32,0.33,0.32,0.33
04/12/2013,0.32,0.32,0.32,0.32,0.32
06/12/2013,0.32,0.32,0.32,0.32,0.32
10/12/2013,0.32,0.32,0.32,0.32,0.32
11/12/2013,0.33,0.33,0.33,0.33,0.33
12/12/2013,0.33,0.34,0.34,0.33,0.33
13/12/2013,0.34,0.35,0.35,0.34,0.35
16/12/2013,0.36,0.38,0.38,0.36,0.37
17/12/2013,0.39,0.38,0.39,0.38,0.39
18/12/2013,0.37,0.37,0.37,0.37,0.37
19/12/2013,0.36,0.36,0.36,0.36,0.36
20/12/2013,0.36,0.36,0.36,0.36,0.36
23/12/2013,0.35,0.35,0.35,0.35,0.35
26/12/2013,0.36,0.36,0.36,0.36,0.36
27/12/2013,0.36,0.36,0.36,0.36,0.36
30/12/2013,0.36,0.35,0.36,0.35,0.36
31/12/2013,0.36,0.36,0.36,0.36,0.36
02/01/2014,0.35,0.36,0.36,0.35,0.35
03/01/2014,0.36,0.36,0.36,0.36,0.36
06/01/2014,0.37,0.37,0.37,0.37,0.37
07/01/2014,0.37,0.38,0.38,0.37,0.38
08/01/2014,0.39,0.44,0.44,0.39,0.41
09/01/2014,0.44,0.43,0.47,0.42,0.45
10/01/2014,0.44,0.41,0.44,0.41,0.43
13/01/2014,0.42,0.44,0.44,0.42,0.42
14/01/2014,0.44,0.47,0.47,0.44,0.46
15/01/2014,0.47,0.45,0.47,0.45,0.45
16/01/2014,0.45,0.45,0.45,0.45,0.45
17/01/2014,0.45,0.46,0.46,0.45,0.45
20/01/2014,0.46,0.45,0.46,0.45,0.45
21/01/2014,0.45,0.46,0.46,0.45,0.45
22/01/2014,0.46,0.44,0.46,0.44,0.45
23/01/2014,0.44,0.43,0.44,0.43,0.43
24/01/2014,0.42,0.42,0.42,0.42,0.42
27/01/2014,0.41,0.42,0.42,0.41,0.41
28/01/2014,0.42,0.42,0.42,0.42,0.42
29/01/2014,0.42,0.42,0.42,0.41,0.42
30/01/2014,0.42,0.42,0.42,0.42,0.42
31/01/2014,0.44,0.44,0.44,0.44,0.44
03/02/2014,0.42,0.42,0.42,0.42,0.42
04/02/2014,0.41,0.41,0.41,0.41,0.41
05/02/2014,0.42,0.41,0.42,0.41,0.41
06/02/2014,0.41,0.39,0.41,0.39,0.4
07/02/2014,0.4,0.4,0.4,0.4,0.4
10/02/2014,0.41,0.42,0.42,0.41,0.42
11/02/2014,0.41,0.41,0.41,0.41,0.41
12/02/2014,0.41,0.41,0.41,0.4,0.41
13/02/2014,0.4,0.4,0.4,0.4,0.4
14/02/2014,0.41,0.4,0.41,0.38,0.4
17/02/2014,0.4,0.4,0.4,0.4,0.4
18/02/2014,0.4,0.4,0.4,0.4,0.4
19/02/2014,0.39,0.39,0.39,0.39,0.39
20/02/2014,0.39,0.39,0.39,0.39,0.39
21/02/2014,0.4,0.4,0.4,0.4,0.4
24/02/2014,0.4,0.4,0.4,0.4,0.4
28/02/2014,0.39,0.39,0.39,0.39,0.39
03/03/2014,0.37,0.37,0.37,0.37,0.37
04/03/2014,0.37,0.37,0.37,0.37,0.37
10/03/2014,0.35,0.35,0.36,0.35,0.35
11/03/2014,0.35,0.35,0.36,0.35,0.35
12/03/2014,0.34,0.34,0.34,0.34,0.34
13/03/2014,0.33,0.33,0.33,0.33,0.33
14/03/2014,0.32,0.3,0.32,0.3,0.31
17/03/2014,0.31,0.31,0.31,0.31,0.31
19/03/2014,0.32,0.32,0.32,0.32,0.32
20/03/2014,0.3,0.3,0.3,0.3,0.3
21/03/2014,0.31,0.33,0.33,0.31,0.32
24/03/2014,0.32,0.32,0.32,0.32,0.32
25/03/2014,0.32,0.32,0.32,0.32,0.32
26/03/2014,0.31,0.31,0.31,0.31,0.31
27/03/2014,0.31,0.3,0.31,0.3,0.3
28/03/2014,0.3,0.31,0.31,0.3,0.3
01/04/2014,0.3,0.3,0.3,0.3,0.3
02/04/2014,0.3,0.29,0.3,0.29,0.29
03/04/2014,0.28,0.28,0.28,0.28,0.28
04/04/2014,0.29,0.3,0.3,0.29,0.3
08/04/2014,0.32,0.33,0.33,0.32,0.32
09/04/2014,0.33,0.33,0.33,0.33,0.33
10/04/2014,0.33,0.34,0.34,0.33,0.34
11/04/2014,0.33,0.33,0.33,0.33,0.33
14/04/2014,0.33,0.33,0.33,0.33,0.33
16/04/2014,0.33,0.33,0.33,0.33,0.33
21/04/2014,0.33,0.33,0.33,0.33,0.33
23/04/2014,0.34,0.34,0.34,0.34,0.34
24/04/2014,0.35,0.36,0.36,0.35,0.36
25/04/2014,0.37,0.37,0.37,0.37,0.37
28/04/2014,0.37,0.36,0.37,0.36,0.37
29/04/2014,0.36,0.36,0.36,0.36,0.36
30/04/2014,0.36,0.36,0.36,0.36,0.36
02/05/2014,0.38,0.38,0.39,0.38,0.38
05/05/2014,0.37,0.37,0.37,0.37,0.37
06/05/2014,0.37,0.38,0.38,0.37,0.38
07/05/2014,0.39,0.4,0.4,0.39,0.39
08/05/2014,0.4,0.42,0.43,0.4,0.41
09/05/2014,0.42,0.42,0.42,0.42,0.42
12/05/2014,0.43,0.44,0.44,0.43,0.44
13/05/2014,0.45,0.41,0.45,0.41,0.42
14/05/2014,0.42,0.41,0.42,0.41,0.41
15/05/2014,0.41,0.41,0.41,0.41,0.41
16/05/2014,0.41,0.41,0.41,0.41,0.41
19/05/2014,0.4,0.4,0.4,0.4,0.4
20/05/2014,0.4,0.41,0.41,0.4,0.41
21/05/2014,0.41,0.4,0.41,0.4,0.4
22/05/2014,0.41,0.41,0.42,0.41,0.41
23/05/2014,0.41,0.41,0.41,0.41,0.41
26/05/2014,0.42,0.41,0.42,0.41,0.41
27/05/2014,0.42,0.42,0.42,0.42,0.42
28/05/2014,0.42,0.42,0.42,0.42,0.42
29/05/2014,0.42,0.43,0.43,0.42,0.42
30/05/2014,0.42,0.42,0.42,0.42,0.42
02/06/2014,0.43,0.44,0.45,0.43,0.44
03/06/2014,0.43,0.42,0.43,0.42,0.43
04/06/2014,0.43,0.42,0.43,0.42,0.42
05/06/2014,0.42,0.43,0.43,0.41,0.41
06/06/2014,0.42,0.42,0.42,0.42,0.42
10/06/2014,0.42,0.41,0.42,0.41,0.41
11/06/2014,0.41,0.41,0.41,0.41,0.41
12/06/2014,0.41,0.41,0.41,0.4,0.41
13/06/2014,0.41,0.41,0.42,0.41,0.41
16/06/2014,0.41,0.41,0.41,0.41,0.41
17/06/2014,0.41,0.41,0.41,0.4,0.41
18/06/2014,0.4,0.4,0.4,0.4,0.4
19/06/2014,0.41,0.4,0.41,0.4,0.4
20/06/2014,0.41,0.41,0.41,0.41,0.41
23/06/2014,0.41,0.41,0.41,0.41,0.41
24/06/2014,0.4,0.4,0.4,0.4,0.4
25/06/2014,0.4,0.4,0.4,0.4,0.4
26/06/2014,0.4,0.39,0.4,0.39,0.39
27/06/2014,0.4,0.4,0.4,0.4,0.4
30/06/2014,0.39,0.4,0.4,0.39,0.39
01/07/2014,0.4,0.4,0.4,0.4,0.4
02/07/2014,0.39,0.39,0.39,0.39,0.39
04/07/2014,0.39,0.38,0.39,0.38,0.39
07/07/2014,0.39,0.39,0.39,0.39,0.39
08/07/2014,0.38,0.38,0.38,0.38,0.38
09/07/2014,0.39,0.39,0.39,0.39,0.39
10/07/2014,0.39,0.39,0.39,0.39,0.39
11/07/2014,0.39,0.39,0.39,0.39,0.39
14/07/2014,0.39,0.39,0.39,0.39,0.39
15/07/2014,0.38,0.38,0.38,0.38,0.38
16/07/2014,0.38,0.37,0.38,0.37,0.37
17/07/2014,0.38,0.38,0.38,0.38,0.38
18/07/2014,0.38,0.38,0.38,0.38,0.38
21/07/2014,0.38,0.38,0.38,0.38,0.38
22/07/2014,0.38,0.39,0.39,0.38,0.39
23/07/2014,0.39,0.39,0.39,0.39,0.39
24/07/2014,0.39,0.39,0.39,0.39,0.39
25/07/2014,0.39,0.39,0.39,0.39,0.39
30/07/2014,0.38,0.37,0.38,0.37,0.37
31/07/2014,0.37,0.37,0.37,0.37,0.37
01/08/2014,0.38,0.38,0.38,0.38,0.38
04/08/2014,0.37,0.36,0.37,0.36,0.36
05/08/2014,0.36,0.36,0.36,0.36,0.36
06/08/2014,0.35,0.35,0.35,0.35,0.35
07/08/2014,0.35,0.35,0.35,0.35,0.35
11/08/2014,0.36,0.36,0.36,0.36,0.36
12/08/2014,0.36,0.35,0.36,0.35,0.35
14/08/2014,0.34,0.34,0.34,0.34,0.34
15/08/2014,0.35,0.35,0.35,0.35,0.35
18/08/2014,0.36,0.36,0.36,0.36,0.36
20/08/2014,0.36,0.36,0.36,0.36,0.36
22/08/2014,0.35,0.35,0.35,0.35,0.35
25/08/2014,0.35,0.35,0.35,0.35,0.35
26/08/2014,0.35,0.34,0.35,0.34,0.34
27/08/2014,0.35,0.35,0.35,0.35,0.35
28/08/2014,0.35,0.35,0.35,0.35,0.35
02/09/2014,0.34,0.33,0.34,0.33,0.34
03/09/2014,0.33,0.34,0.34,0.33,0.33
04/09/2014,0.33,0.33,0.33,0.33,0.33
05/09/2014,0.34,0.34,0.34,0.34,0.34
08/09/2014,0.35,0.35,0.35,0.35,0.35
09/09/2014,0.35,0.36,0.36,0.35,0.36
10/09/2014,0.36,0.36,0.36,0.36,0.36
11/09/2014,0.36,0.36,0.36,0.36,0.36
12/09/2014,0.35,0.35,0.35,0.35,0.35
15/09/2014,0.35,0.35,0.35,0.35,0.35
16/09/2014,0.36,0.36,0.36,0.36,0.36
17/09/2014,0.35,0.35,0.35,0.35,0.35
18/09/2014,0.35,0.35,0.35,0.35,0.35
19/09/2014,0.35,0.35,0.35,0.35,0.35
23/09/2014,0.35,0.35,0.35,0.35,0.35
25/09/2014,0.35,0.35,0.35,0.35,0.35
26/09/2014,0.34,0.34,0.34,0.34,0.34
29/09/2014,0.34,0.34,0.34,0.34,0.34
30/09/2014,0.33,0.32,0.33,0.32,0.33
01/10/2014,0.33,0.32,0.33,0.32,0.32
02/10/2014,0.32,0.31,0.32,0.31,0.31
03/10/2014,0.31,0.29,0.31,0.29,0.3
06/10/2014,0.3,0.3,0.3,0.3,0.3
07/10/2014,0.28,0.28,0.28,0.28,0.28
09/10/2014,0.28,0.28,0.28,0.27,0.27
10/10/2014,0.28,0.3,0.3,0.28,0.28
13/10/2014,0.3,0.3,0.3,0.3,0.3
14/10/2014,0.3,0.3,0.3,0.3,0.3
15/10/2014,0.3,0.31,0.31,0.3,0.31
16/10/2014,0.3,0.3,0.3,0.3,0.3
17/10/2014,0.32,0.32,0.32,0.32,0.32
20/10/2014,0.31,0.31,0.31,0.31,0.31
22/10/2014,0.3,0.3,0.3,0.3,0.3
23/10/2014,0.3,0.3,0.3,0.29,0.3
24/10/2014,0.3,0.3,0.3,0.3,0.3
27/10/2014,0.3,0.3,0.3,0.3,0.3
28/10/2014,0.3,0.31,0.31,0.3,0.31
29/10/2014,0.31,0.31,0.31,0.31,0.31
31/10/2014,0.3,0.31,0.31,0.29,0.3
03/11/2014,0.3,0.3,0.3,0.3,0.3
04/11/2014,0.29,0.3,0.3,0.28,0.29
05/11/2014,0.28,0.28,0.28,0.28,0.28
06/11/2014,0.28,0.27,0.28,0.27,0.27
07/11/2014,0.27,0.28,0.28,0.27,0.28
10/11/2014,0.28,0.29,0.29,0.28,0.29
11/11/2014,0.29,0.29,0.29,0.29,0.29
12/11/2014,0.29,0.29,0.29,0.29,0.29
14/11/2014,0.27,0.27,0.27,0.27,0.27
17/11/2014,0.26,0.25,0.26,0.25,0.26
18/11/2014,0.25,0.25,0.25,0.24,0.25
19/11/2014,0.24,0.24,0.24,0.24,0.24
20/11/2014,0.25,0.25,0.25,0.25,0.25
21/11/2014,0.26,0.26,0.26,0.26,0.26
24/11/2014,0.27,0.27,0.27,0.27,0.27
26/11/2014,0.26,0.26,0.26,0.26,0.26
27/11/2014,0.27,0.27,0.27,0.27,0.27
28/11/2014,0.26,0.26,0.26,0.26,0.26
01/12/2014,0.25,0.25,0.25,0.25,0.25
03/12/2014,0.25,0.25,0.25,0.25,0.25
04/12/2014,0.25,0.25,0.25,0.25,0.25
05/12/2014,0.24,0.24,0.24,0.24,0.24
09/12/2014,0.24,0.24,0.24,0.23,0.24
12/12/2014,0.24,0.24,0.24,0.24,0.24
16/12/2014,0.23,0.23,0.23,0.23,0.23
17/12/2014,0.22,0.22,0.22,0.22,0.22
18/12/2014,0.21,0.21,0.22,0.21,0.21
19/12/2014,0.21,0.22,0.22,0.21,0.21
22/12/2014,0.22,0.22,0.22,0.22,0.22
23/12/2014,0.22,0.22,0.22,0.22,0.22
24/12/2014,0.22,0.22,0.22,0.22,0.22
29/12/2014,0.22,0.22,0.22,0.22,0.22
30/12/2014,0.22,0.22,0.22,0.22,0.22
05/01/2015,0.22,0.22,0.22,0.22,0.22
06/01/2015,0.22,0.22,0.22,0.22,0.22
07/01/2015,0.21,0.21,0.21,0.21,0.21
08/01/2015,0.21,0.21,0.21,0.21,0.21
09/01/2015,0.21,0.21,0.21,0.21,0.21
12/01/2015,0.2,0.2,0.21,0.2,0.2
13/01/2015,0.2,0.19,0.2,0.19,0.2
14/01/2015,0.19,0.19,0.19,0.19,0.19
15/01/2015,0.19,0.18,0.19,0.18,0.19
16/01/2015,0.17,0.17,0.17,0.17,0.17
19/01/2015,0.18,0.18,0.18,0.18,0.18
20/01/2015,0.19,0.19,0.19,0.19,0.19
21/01/2015,0.19,0.19,0.19,0.19,0.19
22/01/2015,0.18,0.18,0.18,0.18,0.18
23/01/2015,0.18,0.18,0.18,0.18,0.18
28/01/2015,0.17,0.17,0.17,0.17,0.17
29/01/2015,0.17,0.17,0.17,0.17,0.17
30/01/2015,0.17,0.17,0.17,0.17,0.17
03/02/2015,0.18,0.19,0.19,0.18,0.18
04/02/2015,0.19,0.21,0.21,0.19,0.2
09/02/2015,0.2,0.2,0.2,0.2,0.2
10/02/2015,0.19,0.19,0.19,0.19,0.19
16/02/2015,0.17,0.19,0.19,0.17,0.18
17/02/2015,0.19,0.18,0.19,0.18,0.18
18/02/2015,0.19,0.19,0.19,0.19,0.19
19/02/2015,0.19,0.19,0.19,0.19,0.19
23/02/2015,0.18,0.18,0.18,0.18,0.18
25/02/2015,0.17,0.17,0.17,0.17,0.17
26/02/2015,0.17,0.17,0.17,0.17,0.17
27/02/2015,0.17,0.17,0.17,0.17,0.17
02/03/2015,0.17,0.17,0.17,0.16,0.17
05/03/2015,0.18,0.18,0.18,0.18,0.18
06/03/2015,0.18,0.18,0.18,0.18,0.18
10/03/2015,0.17,0.17,0.17,0.17,0.17
12/03/2015,0.17,0.17,0.17,0.17,0.17
16/03/2015,0.17,0.17,0.17,0.17,0.17
20/03/2015,0.17,0.17,0.17,0.17,0.17
27/03/2015,0.17,0.17,0.17,0.17,0.17
30/03/2015,0.16,0.16,0.16,0.16,0.16
31/03/2015,0.16,0.16,0.16,0.16,0.16
01/04/2015,0.16,0.16,0.16,0.16,0.16
06/04/2015,0.17,0.17,0.17,0.16,0.17
07/04/2015,0.16,0.16,0.16,0.16,0.16
09/04/2015,0.15,0.15,0.15,0.15,0.15
10/04/2015,0.15,0.15,0.15,0.15,0.15
13/04/2015,0.15,0.15,0.15,0.15,0.15
14/04/2015,0.15,0.14,0.15,0.14,0.15
15/04/2015,0.15,0.15,0.15,0.15,0.15
16/04/2015,0.16,0.16,0.16,0.16,0.16
17/04/2015,0.15,0.15,0.15,0.15,0.15
21/04/2015,0.14,0.14,0.14,0.14,0.14
23/04/2015,0.15,0.15,0.15,0.15,0.15
28/04/2015,0.16,0.16,0.16,0.16,0.16
29/04/2015,0.16,0.16,0.16,0.16,0.16
30/04/2015,0.17,0.17,0.17,0.17,0.17
05/05/2015,0.18,0.18,0.18,0.18,0.18
06/05/2015,0.19,0.19,0.19,0.19,0.19
07/05/2015,0.18,0.18,0.18,0.18,0.18
08/05/2015,0.171,0.175,0.175,0.17,0.17
11/05/2015,0.175,0.175,0.175,0.175,0.18
12/05/2015,0.175,0.176,0.176,0.175,0.18
15/05/2015,0.192,0.2,0.2,0.192,0.2
18/05/2015,0.201,0.21,0.21,0.201,0.21
19/05/2015,0.2,0.199,0.2,0.195,0.2
20/05/2015,0.205,0.21,0.21,0.205,0.21
21/05/2015,0.22,0.226,0.23,0.22,0.23
22/05/2015,0.22,0.22,0.22,0.22,0.22
25/05/2015,0.22,0.22,0.22,0.22,0.22
27/05/2015,0.204,0.202,0.204,0.202,0.2
28/05/2015,0.2,0.2,0.2,0.2,0.2
29/05/2015,0.195,0.195,0.195,0.195,0.2
03/06/2015,0.205,0.205,0.205,0.205,0.21
08/06/2015,0.209,0.209,0.209,0.209,0.21
11/06/2015,0.195,0.2,0.2,0.195,0.2
12/06/2015,0.195,0.195,0.195,0.195,0.2
17/06/2015,0.195,0.195,0.195,0.195,0.19
18/06/2015,0.2,0.204,0.204,0.2,0.2
19/06/2015,0.204,0.204,0.204,0.204,0.2
23/06/2015,0.191,0.19,0.191,0.19,0.19
24/06/2015,0.19,0.185,0.19,0.181,0.18
25/06/2015,0.18,0.18,0.18,0.18,0.18
26/06/2015,0.185,0.185,0.185,0.185,0.19
01/07/2015,0.185,0.185,0.185,0.185,0.18
07/07/2015,0.18,0.18,0.18,0.18,0.18
08/07/2015,0.17,0.165,0.17,0.165,0.17
09/07/2015,0.165,0.165,0.165,0.165,0.17
10/07/2015,0.175,0.175,0.175,0.175,0.18
14/07/2015,0.172,0.172,0.172,0.172,0.17
16/07/2015,0.173,0.173,0.173,0.173,0.17
20/07/2015,0.173,0.17,0.173,0.17,0.17
21/07/2015,0.18,0.18,0.18,0.18,0.18
22/07/2015,0.184,0.183,0.184,0.183,0.18
03/08/2015,0.17,0.17,0.17,0.17,0.17
04/08/2015,0.166,0.166,0.166,0.166,0.17
13/08/2015,0.155,0.155,0.155,0.155,0.16
18/08/2015,0.13,0.145,0.145,0.13,0.14
19/08/2015,0.14,0.14,0.14,0.14,0.14
21/08/2015,0.133,0.133,0.133,0.133,0.13
24/08/2015,0.13,0.13,0.13,0.13,0.13
25/08/2015,0.13,0.129,0.13,0.127,0.13
26/08/2015,0.129,0.129,0.129,0.129,0.13
27/08/2015,0.129,0.13,0.135,0.129,0.13
28/08/2015,0.135,0.135,0.137,0.135,0.14
31/08/2015,0.135,0.13,0.135,0.13,0.13
01/09/2015,0.135,0.135,0.136,0.135,0.14
04/09/2015,0.13,0.13,0.13,0.13,0.13
16/09/2015,0.125,0.125,0.125,0.125,0.13
22/09/2015,0.11,0.11,0.11,0.11,0.11
23/09/2015,0.11,0.11,0.11,0.11,0.11
24/09/2015,0.11,0.11,0.11,0.11,0.11
25/09/2015,0.106,0.109,0.109,0.106,0.11
28/09/2015,0.109,0.109,0.109,0.109,0.11
29/09/2015,0.109,0.109,0.109,0.109,0.11
30/09/2015,0.109,0.109,0.109,0.109,0.11
01/10/2015,0.112,0.112,0.112,0.112,0.11
02/10/2015,0.11,0.11,0.11,0.11,0.11
06/10/2015,0.11,0.11,0.11,0.11,0.11
07/10/2015,0.11,0.11,0.11,0.11,0.11
12/10/2015,0.11,0.11,0.11,0.11,0.11
14/10/2015,0.105,0.105,0.105,0.105,0.11
20/10/2015,0.105,0.105,0.105,0.105,0.11
22/10/2015,0.105,0.105,0.105,0.105,0.11
29/10/2015,0.105,0.105,0.105,0.105,0.11
30/10/2015,0.105,0.105,0.105,0.105,0.11
02/11/2015,0.11,0.11,0.11,0.11,0.11
03/11/2015,0.11,0.11,0.11,0.11,0.11
04/11/2015,0.11,0.12,0.12,0.11,0.11
11/11/2015,0.12,0.12,0.12,0.12,0.12
12/11/2015,0.11,0.11,0.11,0.11,0.11
13/11/2015,0.11,0.11,0.11,0.11,0.11
17/11/2015,0.11,0.11,0.11,0.11,0.11
19/11/2015,0.11,0.11,0.11,0.11,0.11
24/11/2015,0.113,0.113,0.113,0.113,0.11
26/11/2015,0.113,0.113,0.113,0.113,0.11
07/12/2015,0.113,0.113,0.113,0.113,0.11
11/12/2015,0.112,0.112,0.112,0.112,0.11
15/12/2015,0.108,0.108,0.108,0.108,0.11
29/12/2015,0.095,0.095,0.095,0.095,0.09
31/12/2015,0.095,0.095,0.095,0.095,0
06/01/2016,0.095,0.095,0.095,0.095,0
07/01/2016,0.099,0.099,0.099,0.099,0
13/01/2016,0.095,0.095,0.095,0.095,0
14/01/2016,0.093,0.093,0.093,0.093,0.09
15/01/2016,0.09,0.09,0.09,0.09,0.09
18/01/2016,0.09,0.09,0.09,0.09,0.09
20/01/2016,0.082,0.082,0.082,0.082,0.08
25/01/2016,0.085,0.085,0.085,0.085,0.09
27/01/2016,0.085,0.085,0.085,0.085,0.09
28/01/2016,0.085,0.09,0.09,0.085,0.09
29/01/2016,0.094,0.095,0.095,0.094,0.09
02/02/2016,0.094,0.094,0.094,0.094,0.09
03/02/2016,0.103,0.109,0.109,0.103,0.11
04/02/2016,0.115,0.12,0.12,0.11,0.12
10/02/2016,0.11,0.11,0.11,0.11,0.11
12/02/2016,0.11,0.11,0.11,0.11,0.11
15/02/2016,0.105,0.11,0.11,0.105,0.11
16/02/2016,0.126,0.14,0.14,0.126,0.13
17/02/2016,0.139,0.137,0.139,0.137,0.14
18/02/2016,0.145,0.147,0.147,0.145,0.15
19/02/2016,0.145,0.141,0.145,0.141,0.14
22/02/2016,0.142,0.155,0.155,0.142,0.15
24/02/2016,0.15,0.15,0.154,0.15,0.15
25/02/2016,0.145,0.145,0.145,0.145,0.15
26/02/2016,0.145,0.15,0.15,0.145,0.15
29/02/2016,0.15,0.15,0.15,0.15,0.15
02/03/2016,0.155,0.165,0.165,0.155,0.16
04/03/2016,0.17,0.18,0.18,0.17,0.18
07/03/2016,0.18,0.19,0.19,0.18,0.19
08/03/2016,0.19,0.188,0.19,0.187,0.19
09/03/2016,0.18,0.189,0.189,0.18,0.18
14/03/2016,0.19,0.203,0.203,0.19,0.2
18/03/2016,0.202,0.215,0.22,0.2,0.21
21/03/2016,0.215,0.234,0.235,0.215,0.22
22/03/2016,0.235,0.229,0.235,0.229,0.23
23/03/2016,0.215,0.215,0.215,0.215,0.22
30/03/2016,0.205,0.22,0.22,0.205,0.21
31/03/2016,0.21,0.225,0.225,0.21,0.22
01/04/2016,0.21,0.21,0.215,0.21,0.21
04/04/2016,0.194,0.188,0.194,0.18,0.19
05/04/2016,0.188,0.188,0.188,0.188,0.19
06/04/2016,0.2,0.18,0.2,0.18,0.19
07/04/2016,0.171,0.172,0.172,0.171,0.17
08/04/2016,0.18,0.182,0.182,0.18,0.18
11/04/2016,0.213,0.212,0.213,0.21,0.21
12/04/2016,0.212,0.208,0.212,0.208,0.21
13/04/2016,0.208,0.2,0.208,0.2,0.2
14/04/2016,0.205,0.211,0.216,0.205,0.21
15/04/2016,0.22,0.23,0.23,0.22,0.23
18/04/2016,0.235,0.24,0.25,0.235,0.24
19/04/2016,0.25,0.265,0.265,0.25,0.26
20/04/2016,0.26,0.256,0.26,0.255,0.26
21/04/2016,0.258,0.25,0.258,0.25,0.25
22/04/2016,0.25,0.242,0.25,0.242,0.24
25/04/2016,0.25,0.26,0.26,0.249,0.26
26/04/2016,0.26,0.28,0.284,0.26,0.27
27/04/2016,0.28,0.28,0.29,0.28,0.28
28/04/2016,0.285,0.28,0.285,0.28,0.28
02/05/2016,0.278,0.312,0.312,0.278,0.3
03/05/2016,0.312,0.31,0.335,0.306,0.32
04/05/2016,0.291,0.294,0.3,0.29,0.3
05/05/2016,0.305,0.292,0.309,0.29,0.3
06/05/2016,0.298,0.295,0.298,0.295,0.3
09/05/2016,0.279,0.279,0.279,0.279,0.28
10/05/2016,0.299,0.321,0.321,0.299,0.31
11/05/2016,0.335,0.314,0.335,0.313,0.32
12/05/2016,0.314,0.325,0.325,0.31,0.32
13/05/2016,0.331,0.34,0.345,0.331,0.34
16/05/2016,0.345,0.345,0.355,0.34,0.35
17/05/2016,0.34,0.34,0.35,0.34,0.34
18/05/2016,0.34,0.34,0.34,0.34,0.34
19/05/2016,0.33,0.33,0.33,0.33,0.33
20/05/2016,0.34,0.34,0.34,0.34,0.34
23/05/2016,0.34,0.335,0.34,0.335,0.34
25/05/2016,0.335,0.335,0.335,0.335,0.33
26/05/2016,0.326,0.32,0.326,0.32,0.32
27/05/2016,0.312,0.31,0.319,0.31,0.31
30/05/2016,0.305,0.318,0.32,0.304,0.31
31/05/2016,0.319,0.319,0.319,0.319,0.32
01/06/2016,0.31,0.31,0.31,0.31,0.31
02/06/2016,0.32,0.331,0.331,0.32,0.32
03/06/2016,0.321,0.335,0.338,0.32,0.33
06/06/2016,0.34,0.325,0.34,0.325,0.33
08/06/2016,0.33,0.325,0.33,0.325,0.33
09/06/2016,0.32,0.319,0.32,0.31,0.32
10/06/2016,0.308,0.307,0.314,0.307,0.31
13/06/2016,0.307,0.307,0.307,0.307,0.31
14/06/2016,0.3,0.3,0.3,0.3,0.3
15/06/2016,0.312,0.312,0.312,0.312,0.31
16/06/2016,0.32,0.312,0.32,0.312,0.32
17/06/2016,0.302,0.302,0.302,0.302,0.3
20/06/2016,0.301,0.301,0.301,0.301,0.3
21/06/2016,0.301,0.299,0.301,0.289,0.29
22/06/2016,0.3,0.3,0.3,0.3,0.3
23/06/2016,0.3,0.312,0.312,0.3,0.31
24/06/2016,0.29,0.3,0.3,0.29,0.3
27/06/2016,0.291,0.28,0.291,0.275,0.28
28/06/2016,0.288,0.288,0.288,0.288,0.29
01/07/2016,0.3,0.31,0.31,0.3,0.3
05/07/2016,0.31,0.31,0.31,0.31,0.31
07/07/2016,0.315,0.315,0.315,0.315,0.32
08/07/2016,0.329,0.329,0.33,0.329,0.33
11/07/2016,0.33,0.325,0.33,0.325,0.33
12/07/2016,0.325,0.326,0.326,0.325,0.33
13/07/2016,0.33,0.33,0.335,0.33,0.33
14/07/2016,0.335,0.36,0.36,0.335,0.35
15/07/2016,0.352,0.369,0.369,0.352,0.36
18/07/2016,0.374,0.38,0.386,0.374,0.38
19/07/2016,0.38,0.374,0.38,0.37,0.37
20/07/2016,0.37,0.367,0.37,0.367,0.37
21/07/2016,0.364,0.365,0.365,0.364,0.36
22/07/2016,0.362,0.36,0.362,0.36,0.36
25/07/2016,0.36,0.36,0.36,0.36,0.36
26/07/2016,0.355,0.36,0.36,0.355,0.36
27/07/2016,0.36,0.383,0.385,0.36,0.38
01/08/2016,0.38,0.405,0.42,0.38,0.41
02/08/2016,0.42,0.405,0.42,0.405,0.41
03/08/2016,0.402,0.41,0.41,0.402,0.41
04/08/2016,0.405,0.4,0.405,0.4,0.4
05/08/2016,0.395,0.398,0.398,0.39,0.39
08/08/2016,0.4,0.4,0.4,0.4,0.4
09/08/2016,0.4,0.408,0.408,0.4,0.4
10/08/2016,0.41,0.42,0.42,0.41,0.42
11/08/2016,0.429,0.427,0.435,0.427,0.43
12/08/2016,0.421,0.42,0.421,0.42,0.42
15/08/2016,0.419,0.416,0.42,0.416,0.42
16/08/2016,0.42,0.42,0.42,0.42,0.42
17/08/2016,0.415,0.42,0.42,0.415,0.42
18/08/2016,0.423,0.43,0.43,0.423,0.43
19/08/2016,0.43,0.425,0.43,0.425,0.43
22/08/2016,0.43,0.415,0.43,0.41,0.41
23/08/2016,0.41,0.415,0.42,0.41,0.41
24/08/2016,0.41,0.41,0.41,0.41,0.41
25/08/2016,0.41,0.405,0.41,0.405,0.41
26/08/2016,0.407,0.406,0.412,0.406,0.41
29/08/2016,0.407,0.41,0.41,0.407,0.41
31/08/2016,0.41,0.4,0.41,0.395,0.4
01/09/2016,0.4,0.4,0.4,0.4,0.4
02/09/2016,0.4,0.41,0.41,0.4,0.41
05/09/2016,0.415,0.415,0.415,0.415,0.41
06/09/2016,0.412,0.415,0.415,0.41,0.41
07/09/2016,0.415,0.412,0.415,0.412,0.41
08/09/2016,0.406,0.415,0.415,0.405,0.41
09/09/2016,0.418,0.418,0.418,0.415,0.42
12/09/2016,0.418,0.423,0.425,0.418,0.42
13/09/2016,0.416,0.42,0.423,0.416,0.42
14/09/2016,0.42,0.42,0.42,0.42,0.42
16/09/2016,0.415,0.415,0.415,0.415,0.41
19/09/2016,0.415,0.42,0.42,0.415,0.42
20/09/2016,0.415,0.415,0.415,0.415,0.41
21/09/2016,0.41,0.41,0.412,0.41,0.41
22/09/2016,0.415,0.415,0.415,0.414,0.41
23/09/2016,0.415,0.415,0.415,0.412,0.41
27/09/2016,0.405,0.4,0.405,0.4,0.4
28/09/2016,0.4,0.39,0.4,0.39,0.4
29/09/2016,0.391,0.393,0.395,0.391,0.39
30/09/2016,0.395,0.391,0.395,0.39,0.39
03/10/2016,0.393,0.393,0.393,0.393,0.39
04/10/2016,0.391,0.39,0.391,0.39,0.39
06/10/2016,0.38,0.38,0.38,0.378,0.38
07/10/2016,0.38,0.38,0.38,0.38,0.38
10/10/2016,0.395,0.4,0.4,0.395,0.4
12/10/2016,0.39,0.39,0.39,0.39,0.39
19/10/2016,0.39,0.39,0.39,0.39,0.39
20/10/2016,0.39,0.393,0.393,0.39,0.39
21/10/2016,0.395,0.4,0.4,0.395,0.4
24/10/2016,0.405,0.405,0.405,0.405,0.4
25/10/2016,0.4,0.399,0.4,0.399,0.4
26/10/2016,0.396,0.395,0.4,0.395,0.4
31/10/2016,0.4,0.4,0.405,0.4,0.4
02/11/2016,0.39,0.38,0.39,0.38,0.38
03/11/2016,0.373,0.373,0.373,0.373,0.37
04/11/2016,0.373,0.368,0.373,0.368,0.37
09/11/2016,0.362,0.362,0.365,0.362,0.36
10/11/2016,0.36,0.373,0.38,0.36,0.37
11/11/2016,0.36,0.36,0.36,0.36,0.36
14/11/2016,0.35,0.35,0.35,0.35,0.35
15/11/2016,0.345,0.345,0.345,0.345,0.34
16/11/2016,0.34,0.345,0.345,0.34,0.34
21/11/2016,0.35,0.36,0.36,0.35,0.36
23/11/2016,0.35,0.35,0.35,0.35,0.35
25/11/2016,0.33,0.34,0.34,0.33,0.34
28/11/2016,0.34,0.33,0.34,0.33,0.34
30/11/2016,0.33,0.33,0.33,0.33,0.33
01/12/2016,0.34,0.355,0.355,0.335,0.34
02/12/2016,0.355,0.355,0.355,0.355,0.36
05/12/2016,0.355,0.35,0.355,0.35,0.35
06/12/2016,0.35,0.35,0.35,0.35,0.35
07/12/2016,0.345,0.34,0.345,0.34,0.34
09/12/2016,0.34,0.34,0.349,0.331,0.34
12/12/2016,0.33,0.33,0.33,0.33,0.33
13/12/2016,0.33,0.33,0.33,0.33,0.33
14/12/2016,0.34,0.333,0.34,0.333,0.34
15/12/2016,0.331,0.33,0.331,0.33,0.33
16/12/2016,0.322,0.316,0.322,0.313,0.32
19/12/2016,0.311,0.315,0.315,0.311,0.31
21/12/2016,0.322,0.34,0.34,0.322,0.33
22/12/2016,0.335,0.335,0.335,0.335,0.34
23/12/2016,0.33,0.33,0.33,0.33,0.33
28/12/2016,0.33,0.33,0.33,0.33,0.33
03/01/2017,0.349,0.35,0.35,0.349,0.35
04/01/2017,0.36,0.37,0.37,0.36,0.36
05/01/2017,0.37,0.37,0.37,0.365,0.37
06/01/2017,0.371,0.37,0.371,0.37,0.37
10/01/2017,0.36,0.36,0.36,0.355,0.36
11/01/2017,0.369,0.369,0.369,0.369,0.37
13/01/2017,0.369,0.369,0.369,0.369,0.37
16/01/2017,0.363,0.363,0.363,0.363,0.36
17/01/2017,0.35,0.353,0.353,0.35,0.35
20/01/2017,0.34,0.34,0.34,0.34,0.34
23/01/2017,0.34,0.335,0.34,0.335,0.34
24/01/2017,0.34,0.341,0.341,0.34,0.34
25/01/2017,0.342,0.342,0.342,0.342,0.34
26/01/2017,0.342,0.34,0.342,0.34,0.34
27/01/2017,0.335,0.335,0.335,0.335,0.34
30/01/2017,0.33,0.33,0.33,0.33,0.33
02/02/2017,0.34,0.34,0.34,0.34,0.34
03/02/2017,0.345,0.35,0.35,0.345,0.35
06/02/2017,0.349,0.351,0.355,0.349,0.35
08/02/2017,0.355,0.356,0.356,0.355,0.36
10/02/2017,0.356,0.369,0.369,0.356,0.36
13/02/2017,0.347,0.347,0.347,0.347,0.35
14/02/2017,0.335,0.33,0.335,0.33,0.33
15/02/2017,0.32,0.325,0.325,0.31,0.32
17/02/2017,0.321,0.33,0.33,0.321,0.33
20/02/2017,0.33,0.33,0.33,0.33,0.33
22/02/2017,0.333,0.34,0.34,0.333,0.34
23/02/2017,0.347,0.35,0.35,0.347,0.35
28/02/2017,0.33,0.33,0.33,0.33,0.33
01/03/2017,0.33,0.33,0.33,0.33,0.33
02/03/2017,0.33,0.33,0.33,0.33,0.33
06/03/2017,0.33,0.33,0.33,0.33,0.33
07/03/2017,0.325,0.325,0.325,0.325,0.33
08/03/2017,0.345,0.325,0.345,0.325,0.33
09/03/2017,0.325,0.325,0.325,0.325,0.33
10/03/2017,0.326,0.326,0.326,0.326,0.33
13/03/2017,0.33,0.33,0.33,0.33,0.33
14/03/2017,0.33,0.32,0.33,0.32,0.32
15/03/2017,0.32,0.32,0.32,0.32,0.32
16/03/2017,0.33,0.344,0.344,0.33,0.34
17/03/2017,0.344,0.396,0.396,0.344,0.39
20/03/2017,0.39,0.41,0.425,0.39,0.41
21/03/2017,0.39,0.4,0.4,0.38,0.39
22/03/2017,0.39,0.39,0.39,0.39,0.39
23/03/2017,0.385,0.38,0.385,0.38,0.38
24/03/2017,0.38,0.384,0.389,0.38,0.38
27/03/2017,0.384,0.39,0.39,0.384,0.39
28/03/2017,0.4,0.395,0.4,0.395,0.4
29/03/2017,0.396,0.4,0.4,0.396,0.4
30/03/2017,0.4,0.411,0.415,0.4,0.41
31/03/2017,0.405,0.4,0.405,0.4,0.4
03/04/2017,0.41,0.41,0.41,0.41,0.41
04/04/2017,0.415,0.41,0.415,0.41,0.41
05/04/2017,0.41,0.41,0.41,0.41,0.41
06/04/2017,0.405,0.401,0.405,0.401,0.4
07/04/2017,0.402,0.411,0.411,0.402,0.41
10/04/2017,0.4,0.4,0.4,0.4,0.4
11/04/2017,0.4,0.4,0.4,0.4,0.4
12/04/2017,0.405,0.405,0.405,0.4,0.4
17/04/2017,0.41,0.401,0.41,0.4,0.4
19/04/2017,0.4,0.4,0.4,0.4,0.4
27/04/2017,0.38,0.385,0.385,0.38,0.38
02/05/2017,0.37,0.37,0.37,0.37,0.37
03/05/2017,0.365,0.365,0.365,0.365,0.37
04/05/2017,0.361,0.355,0.361,0.355,0.36
05/05/2017,0.355,0.355,0.355,0.355,0.36
09/05/2017,0.36,0.37,0.37,0.36,0.37
11/05/2017,0.36,0.36,0.36,0.36,0.36
15/05/2017,0.37,0.371,0.371,0.37,0.37
16/05/2017,0.371,0.367,0.371,0.367,0.37
17/05/2017,0.383,0.383,0.383,0.383,0.38
25/05/2017,0.375,0.375,0.375,0.375,0.38
26/05/2017,0.376,0.375,0.376,0.375,0.38
30/05/2017,0.375,0.375,0.375,0.375,0.38
31/05/2017,0.375,0.375,0.375,0.375,0.38
02/06/2017,0.365,0.365,0.366,0.365,0.37
09/06/2017,0.366,0.36,0.366,0.36,0.36
12/06/2017,0.36,0.36,0.36,0.36,0.36
15/06/2017,0.36,0.369,0.369,0.36,0.36
20/06/2017,0.353,0.353,0.353,0.353,0.35
22/06/2017,0.36,0.36,0.36,0.36,0.36
23/06/2017,0.36,0.36,0.36,0.36,0.36
26/06/2017,0.36,0.36,0.36,0.36,0.36
30/06/2017,0.35,0.359,0.359,0.35,0.35
03/07/2017,0.36,0.36,0.36,0.36,0.36
04/07/2017,0.36,0.36,0.36,0.36,0.36
05/07/2017,0.36,0.36,0.36,0.36,0.36
07/07/2017,0.352,0.352,0.352,0.352,0.35
11/07/2017,0.352,0.35,0.352,0.35,0.35
14/07/2017,0.35,0.35,0.35,0.35,0.35
17/07/2017,0.335,0.335,0.335,0.335,0.34
18/07/2017,0.35,0.35,0.35,0.35,0.35
20/07/2017,0.35,0.36,0.36,0.35,0.35
21/07/2017,0.36,0.36,0.36,0.36,0.36
04/08/2017,0.351,0.35,0.351,0.35,0.35
07/08/2017,0.35,0.344,0.35,0.344,0.35
08/08/2017,0.331,0.331,0.331,0.331,0.33
09/08/2017,0.335,0.333,0.335,0.333,0.33
14/08/2017,0.331,0.331,0.331,0.331,0.33
15/08/2017,0.32,0.32,0.32,0.32,0.32
16/08/2017,0.32,0.32,0.32,0.32,0.32
17/08/2017,0.33,0.33,0.33,0.33,0.33
18/08/2017,0.334,0.34,0.345,0.334,0.34
21/08/2017,0.345,0.341,0.35,0.341,0.35
22/08/2017,0.341,0.34,0.341,0.34,0.34
24/08/2017,0.335,0.338,0.338,0.335,0.34
28/08/2017,0.34,0.35,0.35,0.34,0.34
29/08/2017,0.349,0.345,0.349,0.345,0.35
01/09/2017,0.33,0.355,0.355,0.33,0.35
04/09/2017,0.358,0.368,0.368,0.358,0.36
05/09/2017,0.37,0.37,0.371,0.37,0.37
06/09/2017,0.368,0.375,0.375,0.368,0.37
07/09/2017,0.375,0.38,0.39,0.375,0.38
08/09/2017,0.38,0.38,0.385,0.375,0.38
11/09/2017,0.38,0.4,0.4,0.38,0.39
12/09/2017,0.4,0.401,0.405,0.4,0.4
13/09/2017,0.401,0.408,0.415,0.4,0.41
14/09/2017,0.41,0.404,0.41,0.404,0.41
15/09/2017,0.39,0.398,0.398,0.39,0.39
18/09/2017,0.4,0.409,0.41,0.4,0.41
19/09/2017,0.41,0.412,0.412,0.41,0.41
20/09/2017,0.412,0.412,0.415,0.412,0.41
21/09/2017,0.41,0.408,0.41,0.408,0.41
22/09/2017,0.403,0.41,0.41,0.403,0.4
25/09/2017,0.42,0.42,0.425,0.415,0.42
26/09/2017,0.425,0.427,0.428,0.425,0.43
27/09/2017,0.43,0.435,0.438,0.43,0.43
28/09/2017,0.435,0.444,0.45,0.435,0.44
29/09/2017,0.445,0.449,0.45,0.444,0.45
02/10/2017,0.46,0.455,0.46,0.455,0.46
03/10/2017,0.455,0.456,0.46,0.45,0.46
04/10/2017,0.46,0.455,0.465,0.45,0.46
05/10/2017,0.455,0.467,0.47,0.455,0.47
06/10/2017,0.476,0.485,0.5,0.476,0.49
09/10/2017,0.48,0.485,0.485,0.48,0.48
10/10/2017,0.479,0.484,0.484,0.478,0.48
11/10/2017,0.485,0.485,0.485,0.476,0.48
12/10/2017,0.485,0.485,0.485,0.485,0.49
16/10/2017,0.49,0.49,0.49,0.483,0.49
17/10/2017,0.495,0.495,0.495,0.49,0.49
18/10/2017,0.5,0.495,0.5,0.492,0.49
19/10/2017,0.495,0.48,0.495,0.48,0.49
20/10/2017,0.478,0.485,0.485,0.478,0.48
23/10/2017,0.495,0.498,0.5,0.495,0.5
24/10/2017,0.498,0.485,0.498,0.485,0.49
25/10/2017,0.49,0.49,0.49,0.49,0.49
26/10/2017,0.48,0.485,0.485,0.48,0.48
27/10/2017,0.485,0.5,0.5,0.485,0.49
30/10/2017,0.5,0.5,0.5,0.5,0.5
31/10/2017,0.5,0.5,0.53,0.5,0.51
02/11/2017,0.5,0.52,0.52,0.5,0.51
03/11/2017,0.53,0.53,0.54,0.51,0.52
06/11/2017,0.53,0.51,0.53,0.5,0.51
07/11/2017,0.51,0.483,0.51,0.483,0.49
08/11/2017,0.487,0.486,0.487,0.486,0.49
09/11/2017,0.484,0.472,0.484,0.472,0.48
10/11/2017,0.472,0.48,0.481,0.47,0.48
13/11/2017,0.48,0.48,0.48,0.48,0.48
14/11/2017,0.479,0.476,0.479,0.476,0.48
15/11/2017,0.478,0.475,0.478,0.475,0.48
16/11/2017,0.475,0.474,0.475,0.474,0.47
21/11/2017,0.47,0.474,0.474,0.47,0.47
22/11/2017,0.474,0.481,0.481,0.474,0.48
23/11/2017,0.485,0.486,0.486,0.485,0.49
24/11/2017,0.49,0.485,0.49,0.485,0.49
27/11/2017,0.485,0.49,0.49,0.485,0.49
28/11/2017,0.49,0.48,0.49,0.48,0.48
29/11/2017,0.485,0.486,0.486,0.485,0.49
30/11/2017,0.486,0.49,0.49,0.486,0.49
01/12/2017,0.49,0.49,0.495,0.49,0.49
04/12/2017,0.495,0.495,0.495,0.495,0.49
05/12/2017,0.493,0.493,0.493,0.493,0.49
06/12/2017,0.468,0.468,0.468,0.468,0.47
07/12/2017,0.468,0.468,0.468,0.468,0.47
11/12/2017,0.468,0.472,0.472,0.468,0.47
12/12/2017,0.47,0.47,0.47,0.47,0.47
13/12/2017,0.47,0.48,0.48,0.47,0.48
14/12/2017,0.45,0.455,0.47,0.44,0.45
15/12/2017,0.422,0.42,0.43,0.42,0.42
18/12/2017,0.42,0.46,0.46,0.42,0.44
20/12/2017,0.46,0.46,0.46,0.46,0.46
21/12/2017,0.46,0.453,0.465,0.453,0.46
22/12/2017,0.48,0.485,0.485,0.47,0.48
27/12/2017,0.45,0.47,0.47,0.45,0.46
28/12/2017,0.47,0.475,0.475,0.47,0.47
29/12/2017,0.475,0.48,0.48,0.475,0.48
02/01/2018,0.49,0.49,0.49,0.49,0.49
03/01/2018,0.49,0.495,0.5,0.49,0.5
04/01/2018,0.495,0.5,0.5,0.495,0.5
05/01/2018,0.5,0.495,0.5,0.495,0.5
08/01/2018,0.495,0.485,0.495,0.485,0.49
09/01/2018,0.485,0.48,0.485,0.478,0.48
10/01/2018,0.49,0.483,0.49,0.482,0.49
11/01/2018,0.483,0.481,0.483,0.481,0.48
16/01/2018,0.481,0.475,0.481,0.473,0.48
17/01/2018,0.472,0.472,0.472,0.472,0.47
18/01/2018,0.464,0.464,0.464,0.464,0.46
19/01/2018,0.468,0.468,0.468,0.468,0.47
22/01/2018,0.469,0.475,0.475,0.468,0.47
23/01/2018,0.465,0.465,0.465,0.465,0.47
24/01/2018,0.465,0.47,0.47,0.465,0.47
25/01/2018,0.475,0.47,0.475,0.47,0.47
26/01/2018,0.48,0.5,0.5,0.48,0.49
29/01/2018,0.495,0.496,0.496,0.495,0.5
30/01/2018,0.49,0.485,0.49,0.485,0.49
31/01/2018,0.485,0.489,0.49,0.485,0.49
05/02/2018,0.489,0.489,0.489,0.489,0.49
07/02/2018,0.48,0.48,0.48,0.48,0.48
09/02/2018,0.45,0.45,0.45,0.44,0.44
12/02/2018,0.47,0.47,0.485,0.469,0.47
13/02/2018,0.46,0.458,0.46,0.458,0.46
14/02/2018,0.46,0.46,0.46,0.46,0.46
16/02/2018,0.455,0.46,0.46,0.455,0.46
20/02/2018,0.48,0.48,0.48,0.48,0.48
22/02/2018,0.47,0.47,0.47,0.47,0.47
23/02/2018,0.47,0.463,0.47,0.462,0.47
26/02/2018,0.46,0.47,0.47,0.46,0.46
28/02/2018,0.459,0.459,0.459,0.459,0.46
01/03/2018,0.445,0.446,0.446,0.445,0.45
02/03/2018,0.45,0.45,0.45,0.45,0.45
05/03/2018,0.45,0.45,0.45,0.45,0.45
06/03/2018,0.45,0.45,0.45,0.45,0.45
07/03/2018,0.44,0.45,0.45,0.44,0.44
14/03/2018,0.45,0.45,0.45,0.45,0.45
19/03/2018,0.45,0.46,0.46,0.45,0.45
20/03/2018,0.45,0.45,0.45,0.45,0.45
21/03/2018,0.46,0.466,0.466,0.46,0.46
22/03/2018,0.46,0.45,0.46,0.45,0.45
23/03/2018,0.46,0.48,0.48,0.46,0.48
26/03/2018,0.48,0.49,0.5,0.47,0.49
27/03/2018,0.49,0.51,0.51,0.49,0.5
28/03/2018,0.51,0.51,0.51,0.51,0.5
02/04/2018,0.51,0.51,0.51,0.497,0.51
03/04/2018,0.51,0.52,0.52,0.51,0.51
04/04/2018,0.51,0.52,0.52,0.51,0.52
05/04/2018,0.53,0.53,0.53,0.53,0.53
06/04/2018,0.52,0.51,0.52,0.51,0.51
09/04/2018,0.51,0.51,0.52,0.51,0.51
11/04/2018,0.6,0.56,0.6,0.55,0.58
12/04/2018,0.56,0.55,0.56,0.54,0.55
16/04/2018,0.56,0.56,0.56,0.56,0.56
17/04/2018,0.55,0.56,0.56,0.54,0.55
18/04/2018,0.56,0.58,0.58,0.56,0.57
19/04/2018,0.57,0.59,0.6,0.57,0.6
20/04/2018,0.6,0.6,0.6,0.6,0.6
23/04/2018,0.6,0.6,0.6,0.59,0.6
24/04/2018,0.6,0.59,0.6,0.59,0.59
25/04/2018,0.59,0.59,0.59,0.59,0.59
26/04/2018,0.6,0.6,0.6,0.6,0.6
27/04/2018,0.59,0.63,0.63,0.59,0.62
30/04/2018,0.63,0.64,0.64,0.63,0.64
02/05/2018,0.66,0.68,0.69,0.66,0.68
03/05/2018,0.66,0.67,0.67,0.66,0.66
04/05/2018,0.68,0.67,0.68,0.66,0.67
07/05/2018,0.67,0.67,0.67,0.67,0.67
08/05/2018,0.67,0.68,0.68,0.66,0.68
09/05/2018,0.68,0.71,0.72,0.68,0.71
10/05/2018,0.73,0.74,0.74,0.73,0.73
11/05/2018,0.74,0.72,0.74,0.71,0.72
14/05/2018,0.71,0.69,0.71,0.69,0.7
15/05/2018,0.69,0.68,0.69,0.66,0.67
16/05/2018,0.68,0.68,0.68,0.68,0.68
17/05/2018,0.68,0.72,0.72,0.68,0.7
18/05/2018,0.72,0.74,0.75,0.72,0.74
21/05/2018,0.73,0.73,0.73,0.72,0.73
22/05/2018,0.73,0.72,0.73,0.72,0.72
23/05/2018,0.71,0.74,0.74,0.71,0.73
24/05/2018,0.75,0.78,0.78,0.75,0.76
25/05/2018,0.78,0.78,0.78,0.77,0.78
28/05/2018,0.76,0.76,0.77,0.76,0.76
29/05/2018,0.77,0.78,0.78,0.77,0.77
31/05/2018,0.77,0.76,0.77,0.75,0.76
01/06/2018,0.76,0.78,0.78,0.76,0.77
04/06/2018,0.78,0.76,0.78,0.76,0.77
05/06/2018,0.76,0.74,0.76,0.73,0.74
06/06/2018,0.75,0.73,0.75,0.73,0.74
07/06/2018,0.73,0.7,0.73,0.7,0.71
08/06/2018,0.7,0.71,0.71,0.7,0.7
11/06/2018,0.71,0.71,0.71,0.71,0.71
12/06/2018,0.7,0.69,0.71,0.69,0.71
13/06/2018,0.7,0.69,0.7,0.69,0.69
14/06/2018,0.7,0.7,0.7,0.69,0.69
15/06/2018,0.69,0.7,0.7,0.69,0.69
18/06/2018,0.68,0.69,0.69,0.68,0.69
19/06/2018,0.67,0.66,0.67,0.66,0.66
20/06/2018,0.67,0.67,0.67,0.66,0.66
21/06/2018,0.67,0.68,0.68,0.65,0.66
22/06/2018,0.67,0.67,0.67,0.66,0.66
25/06/2018,0.67,0.67,0.67,0.64,0.66
26/06/2018,0.68,0.71,0.71,0.68,0.7
27/06/2018,0.71,0.7,0.72,0.7,0.71
28/06/2018,0.69,0.7,0.71,0.69,0.7
02/07/2018,0.69,0.69,0.69,0.69,0.69
03/07/2018,0.68,0.7,0.71,0.68,0.7
04/07/2018,0.7,0.7,0.7,0.7,0.7
05/07/2018,0.7,0.7,0.71,0.7,0.7
06/07/2018,0.7,0.71,0.71,0.7,0.71
09/07/2018,0.72,0.72,0.73,0.71,0.72
10/07/2018,0.71,0.71,0.71,0.7,0.71
11/07/2018,0.7,0.7,0.7,0.7,0.7
12/07/2018,0.7,0.71,0.72,0.7,0.71
13/07/2018,0.7,0.71,0.71,0.7,0.7
16/07/2018,0.71,0.71,0.71,0.7,0.71
17/07/2018,0.71,0.71,0.71,0.71,0.71
18/07/2018,0.71,0.72,0.72,0.71,0.71
19/07/2018,0.72,0.7,0.72,0.7,0.71
20/07/2018,0.71,0.71,0.71,0.71,0.71
23/07/2018,0.72,0.72,0.72,0.72,0.72
24/07/2018,0.72,0.72,0.73,0.72,0.72
25/07/2018,0.73,0.72,0.73,0.72,0.72
26/07/2018,0.72,0.72,0.72,0.72,0.72
27/07/2018,0.71,0.71,0.72,0.71,0.71
30/07/2018,0.69,0.7,0.7,0.69,0.69
31/07/2018,0.71,0.71,0.71,0.71,0.71
01/08/2018,0.71,0.71,0.71,0.71,0.71
02/08/2018,0.69,0.71,0.71,0.69,0.7
03/08/2018,0.71,0.71,0.71,0.69,0.7
07/08/2018,0.69,0.69,0.69,0.68,0.69
08/08/2018,0.68,0.68,0.68,0.68,0.68
09/08/2018,0.67,0.67,0.68,0.66,0.66
10/08/2018,0.66,0.66,0.66,0.65,0.66
13/08/2018,0.66,0.66,0.66,0.66,0.66
14/08/2018,0.67,0.65,0.67,0.65,0.65
15/08/2018,0.64,0.61,0.64,0.6,0.61
16/08/2018,0.62,0.61,0.62,0.61,0.61
17/08/2018,0.61,0.62,0.62,0.61,0.61
20/08/2018,0.62,0.62,0.62,0.62,0.62
21/08/2018,0.62,0.62,0.62,0.62,0.62
22/08/2018,0.62,0.65,0.65,0.62,0.63
23/08/2018,0.62,0.63,0.63,0.62,0.62
24/08/2018,0.62,0.63,0.63,0.61,0.61
27/08/2018,0.63,0.63,0.63,0.63,0.63
28/08/2018,0.6,0.59,0.6,0.59,0.6
29/08/2018,0.6,0.6,0.6,0.6,0.6
03/09/2018,0.59,0.58,0.59,0.58,0.58
04/09/2018,0.56,0.55,0.56,0.55,0.55
05/09/2018,0.55,0.5,0.55,0.5,0.51
06/09/2018,0.5,0.5,0.51,0.49,0.5
07/09/2018,0.52,0.5,0.52,0.5,0.51
10/09/2018,0.5,0.5,0.5,0.5,0.5
11/09/2018,0.5,0.5,0.5,0.5,0.5
12/09/2018,0.51,0.51,0.51,0.5,0.51
13/09/2018,0.52,0.5,0.52,0.5,0.51
14/09/2018,0.5,0.5,0.5,0.5,0.5
17/09/2018,0.5,0.49,0.5,0.49,0.49
18/09/2018,0.5,0.5,0.5,0.5,0.5
19/09/2018,0.5,0.5,0.5,0.5,0.5
20/09/2018,0.53,0.52,0.53,0.52,0.52
21/09/2018,0.53,0.55,0.55,0.53,0.54
24/09/2018,0.53,0.53,0.54,0.53,0.53
25/09/2018,0.52,0.52,0.52,0.52,0.52
26/09/2018,0.52,0.54,0.54,0.52,0.53
27/09/2018,0.55,0.53,0.55,0.53,0.54
28/09/2018,0.55,0.55,0.55,0.55,0.55
02/10/2018,0.55,0.55,0.55,0.55,0.55
03/10/2018,0.55,0.57,0.57,0.55,0.56
04/10/2018,0.57,0.57,0.57,0.57,0.57
05/10/2018,0.57,0.57,0.57,0.57,0.57
09/10/2018,0.59,0.59,0.59,0.59,0.59
10/10/2018,0.55,0.54,0.55,0.54,0.54
11/10/2018,0.55,0.55,0.55,0.55,0.55
12/10/2018,0.55,0.54,0.55,0.54,0.55
16/10/2018,0.55,0.55,0.55,0.55,0.55
17/10/2018,0.53,0.53,0.53,0.52,0.52
18/10/2018,0.51,0.5,0.51,0.5,0.5
19/10/2018,0.5,0.5,0.5,0.5,0.5
22/10/2018,0.52,0.52,0.52,0.52,0.52
23/10/2018,0.48,0.48,0.49,0.48,0.48
24/10/2018,0.5,0.5,0.5,0.5,0.5
25/10/2018,0.5,0.5,0.5,0.5,0.5
26/10/2018,0.49,0.493,0.493,0.49,0.49
29/10/2018,0.51,0.51,0.52,0.51,0.51
31/10/2018,0.51,0.51,0.51,0.51,0.51
02/11/2018,0.55,0.55,0.55,0.55,0.55
05/11/2018,0.56,0.58,0.58,0.55,0.56
06/11/2018,0.57,0.56,0.57,0.56,0.57
07/11/2018,0.56,0.57,0.58,0.56,0.58
08/11/2018,0.56,0.56,0.56,0.56,0.56
09/11/2018,0.56,0.56,0.56,0.56,0.56
13/11/2018,0.54,0.56,0.56,0.54,0.55
14/11/2018,0.56,0.56,0.56,0.56,0.56
15/11/2018,0.57,0.57,0.57,0.57,0.57
16/11/2018,0.58,0.58,0.58,0.58,0.58
21/11/2018,0.57,0.57,0.57,0.57,0.57
23/11/2018,0.57,0.57,0.57,0.57,0.56
26/11/2018,0.57,0.57,0.57,0.57,0.57
27/11/2018,0.55,0.55,0.55,0.55,0.55
28/11/2018,0.55,0.55,0.55,0.55,0.55
29/11/2018,0.55,0.55,0.55,0.55,0.55
30/11/2018,0.55,0.55,0.55,0.55,0.55
03/12/2018,0.56,0.57,0.57,0.56,0.57
04/12/2018,0.56,0.57,0.57,0.56,0.56
05/12/2018,0.57,0.57,0.57,0.57,0.57
07/12/2018,0.56,0.56,0.56,0.56,0.56
10/12/2018,0.56,0.57,0.57,0.55,0.56
12/12/2018,0.57,0.55,0.57,0.55,0.55
13/12/2018,0.55,0.56,0.56,0.55,0.55
14/12/2018,0.56,0.56,0.56,0.56,0.56
17/12/2018,0.55,0.55,0.56,0.55,0.55
19/12/2018,0.55,0.55,0.55,0.54,0.55
21/12/2018,0.54,0.54,0.54,0.54,0.54
24/12/2018,0.54,0.54,0.54,0.54,0.54
26/12/2018,0.55,0.55,0.55,0.55,0.55
27/12/2018,0.55,0.55,0.55,0.55,0.55
28/12/2018,0.55,0.55,0.55,0.55,0.55
